The target system is: Generic -  - 
The host system is: Linux - 6.8.0-60-generic - x86_64
Compiling the C compiler identification source file "CMakeCCompilerId.c" succeeded.
Compiler: /home/muthuselvan/.espressif/tools/xtensa-esp-elf/esp-15.2.0_20250929/xtensa-esp-elf/bin/xtensa-esp32s3-elf-gcc 
Build flags: 
Id flags:  

The output was:
0


Compilation of the C compiler identification source "CMakeCCompilerId.c" produced "a.out"

The C compiler identification is GNU, found in "/home/muthuselvan/esp/build/CMakeFiles/3.22.1/CompilerIdC/a.out"

Compiling the CXX compiler identification source file "CMakeCXXCompilerId.cpp" succeeded.
Compiler: /home/muthuselvan/.espressif/tools/xtensa-esp-elf/esp-15.2.0_20250929/xtensa-esp-elf/bin/xtensa-esp32s3-elf-g++ 
Build flags: 
Id flags:  

The output was:
0


Compilation of the CXX compiler identification source "CMakeCXXCompilerId.cpp" produced "a.out"

The CXX compiler identification is GNU, found in "/home/muthuselvan/esp/build/CMakeFiles/3.22.1/CompilerIdCXX/a.out"

Checking whether the ASM compiler is GNU using "--version" matched "(GNU assembler)|(GCC)|(Free Software Foundation)":
xtensa-esp-elf-gcc (crosstool-NG esp-15.2.0_20250929) 15.2.0
Copyright (C) 2025 Free Software Foundation, Inc.
This is free software; see the source for copying conditions.  There is NO
warranty; not even for MERCHANTABILITY or FITNESS FOR A PARTICULAR PURPOSE.

Detecting C compiler ABI info compiled with the following output:
Change Dir: /home/muthuselvan/esp/build/CMakeFiles/CMakeTmp

Run Build Command(s):/home/muthuselvan/.local/bin/ninja cmTC_89970 && [1/2] Building C object CMakeFiles/cmTC_89970.dir/CMakeCCompilerABI.c.obj
Using built-in specs.
COLLECT_GCC=/home/muthuselvan/.espressif/tools/xtensa-esp-elf/esp-15.2.0_20250929/xtensa-esp-elf/bin/xtensa-esp-elf-gcc
Target: xtensa-esp-elf
Configured with: /builds/idf/crosstool-NG/.build/xtensa-esp-elf/src/gcc/configure --build=x86_64-build_pc-linux-gnu --host=x86_64-build_pc-linux-gnu --target=xtensa-esp-elf --prefix=/builds/idf/crosstool-NG/builds/xtensa-esp-elf --exec_prefix=/builds/idf/crosstool-NG/builds/xtensa-esp-elf --with-local-prefix=/builds/idf/crosstool-NG/builds/xtensa-esp-elf/xtensa-esp-elf --with-sysroot=/builds/idf/crosstool-NG/builds/xtensa-esp-elf/xtensa-esp-elf --with-native-system-header-dir=/include --with-headers=/builds/idf/crosstool-NG/builds/xtensa-esp-elf/xtensa-esp-elf/include --with-newlib --enable-threads=no --disable-shared --with-pkgversion='crosstool-NG esp-15.2.0_20250929' --disable-__cxa_atexit --enable-cxx-flags='-ffunction-sections -fdata-sections' --disable-libgomp --disable-libmudflap --disable-libmpx --disable-libssp --disable-libquadmath --disable-libquadmath-support --disable-libstdcxx-verbose --with-gmp=/builds/idf/crosstool-NG/.build/xtensa-esp-elf/buildtools --with-mpfr=/builds/idf/crosstool-NG/.build/xtensa-esp-elf/buildtools --with-mpc=/builds/idf/crosstool-NG/.build/xtensa-esp-elf/buildtools --with-isl=/builds/idf/crosstool-NG/.build/xtensa-esp-elf/buildtools --enable-lto --enable-target-optspace --without-long-double-128 --enable-plugin --disable-nls --enable-multiarch --enable-languages=c,c++ --disable-libstdcxx-verbose --enable-threads=posix --enable-libstdcxx-time=yes --disable-win32-utf8-manifest
Thread model: posix
Supported LTO compression algorithms: zlib zstd
gcc version 15.2.0 (crosstool-NG esp-15.2.0_20250929) 
COLLECT_GCC_OPTIONS='-mdynconfig=xtensa_esp32s3.so' '-v' '-o' 'CMakeFiles/cmTC_89970.dir/CMakeCCompilerABI.c.obj' '-c' '-dumpdir' 'CMakeFiles/cmTC_89970.dir/'
 /home/muthuselvan/.espressif/tools/xtensa-esp-elf/esp-15.2.0_20250929/xtensa-esp-elf/bin/../libexec/gcc/xtensa-esp-elf/15.2.0/cc1 -quiet -v -imultilib esp32s3 -iprefix /home/muthuselvan/.espressif/tools/xtensa-esp-elf/esp-15.2.0_20250929/xtensa-esp-elf/bin/../lib/gcc/xtensa-esp-elf/15.2.0/ -isysroot /home/muthuselvan/.espressif/tools/xtensa-esp-elf/esp-15.2.0_20250929/xtensa-esp-elf/bin/../xtensa-esp-elf /usr/share/cmake-3.22/Modules/CMakeCCompilerABI.c -quiet -dumpdir CMakeFiles/cmTC_89970.dir/ -dumpbase CMakeCCompilerABI.c.c -dumpbase-ext .c -mdynconfig=xtensa_esp32s3.so -version -o /tmp/ccJQ9pKD.s
GNU C23 (crosstool-NG esp-15.2.0_20250929) version 15.2.0 (xtensa-esp-elf)
	compiled by GNU C version 6.3.0, GMP version 6.3.0, MPFR version 4.2.1, MPC version 1.3.1, isl version isl-0.26-GMP

GGC heuristics: --param ggc-min-expand=100 --param ggc-min-heapsize=131072
ignoring duplicate directory "/home/muthuselvan/.espressif/tools/xtensa-esp-elf/esp-15.2.0_20250929/xtensa-esp-elf/bin/../lib/gcc/../../lib/gcc/xtensa-esp-elf/15.2.0/include"
ignoring nonexistent directory "/home/muthuselvan/.espressif/tools/xtensa-esp-elf/esp-15.2.0_20250929/xtensa-esp-elf/bin/../xtensa-esp-elf/builds/idf/crosstool-NG/builds/xtensa-esp-elf/xtensa-esp-elf/include"
ignoring duplicate directory "/home/muthuselvan/.espressif/tools/xtensa-esp-elf/esp-15.2.0_20250929/xtensa-esp-elf/bin/../lib/gcc/../../lib/gcc/xtensa-esp-elf/15.2.0/include-fixed"
ignoring duplicate directory "/home/muthuselvan/.espressif/tools/xtensa-esp-elf/esp-15.2.0_20250929/xtensa-esp-elf/bin/../lib/gcc/../../lib/gcc/xtensa-esp-elf/15.2.0/../../../../xtensa-esp-elf/include"
ignoring duplicate directory "/home/muthuselvan/.espressif/tools/xtensa-esp-elf/esp-15.2.0_20250929/xtensa-esp-elf/bin/../xtensa-esp-elf/include"
#include "..." search starts here:
#include <...> search starts here:
 /home/muthuselvan/.espressif/tools/xtensa-esp-elf/esp-15.2.0_20250929/xtensa-esp-elf/bin/../lib/gcc/xtensa-esp-elf/15.2.0/include
 /home/muthuselvan/.espressif/tools/xtensa-esp-elf/esp-15.2.0_20250929/xtensa-esp-elf/bin/../lib/gcc/xtensa-esp-elf/15.2.0/include-fixed
 /home/muthuselvan/.espressif/tools/xtensa-esp-elf/esp-15.2.0_20250929/xtensa-esp-elf/bin/../lib/gcc/xtensa-esp-elf/15.2.0/../../../../xtensa-esp-elf/include
End of search list.
Compiler executable checksum: 4978507c08d555b30d3cc184655822f4
COLLECT_GCC_OPTIONS='-mdynconfig=xtensa_esp32s3.so' '-v' '-o' 'CMakeFiles/cmTC_89970.dir/CMakeCCompilerABI.c.obj' '-c' '-dumpdir' 'CMakeFiles/cmTC_89970.dir/'
 /home/muthuselvan/.espressif/tools/xtensa-esp-elf/esp-15.2.0_20250929/xtensa-esp-elf/bin/../lib/gcc/xtensa-esp-elf/15.2.0/../../../../xtensa-esp-elf/bin/as --traditional-format --dynconfig=xtensa_esp32s3.so -o CMakeFiles/cmTC_89970.dir/CMakeCCompilerABI.c.obj /tmp/ccJQ9pKD.s
COMPILER_PATH=/home/muthuselvan/.espressif/tools/xtensa-esp-elf/esp-15.2.0_20250929/xtensa-esp-elf/bin/../libexec/gcc/xtensa-esp-elf/15.2.0/:/home/muthuselvan/.espressif/tools/xtensa-esp-elf/esp-15.2.0_20250929/xtensa-esp-elf/bin/../libexec/gcc/:/home/muthuselvan/.espressif/tools/xtensa-esp-elf/esp-15.2.0_20250929/xtensa-esp-elf/bin/../lib/gcc/xtensa-esp-elf/15.2.0/../../../../xtensa-esp-elf/bin/
LIBRARY_PATH=/home/muthuselvan/.espressif/tools/xtensa-esp-elf/esp-15.2.0_20250929/xtensa-esp-elf/bin/../lib/gcc/xtensa-esp-elf/15.2.0/esp32s3/:/home/muthuselvan/.espressif/tools/xtensa-esp-elf/esp-15.2.0_20250929/xtensa-esp-elf/bin/../lib/gcc/xtensa-esp-elf/15.2.0/../../../../xtensa-esp-elf/lib/esp32s3/:/home/muthuselvan/.espressif/tools/xtensa-esp-elf/esp-15.2.0_20250929/xtensa-esp-elf/bin/../xtensa-esp-elf/lib/esp32s3/:/home/muthuselvan/.espressif/tools/xtensa-esp-elf/esp-15.2.0_20250929/xtensa-esp-elf/bin/../lib/gcc/xtensa-esp-elf/15.2.0/:/home/muthuselvan/.espressif/tools/xtensa-esp-elf/esp-15.2.0_20250929/xtensa-esp-elf/bin/../lib/gcc/:/home/muthuselvan/.espressif/tools/xtensa-esp-elf/esp-15.2.0_20250929/xtensa-esp-elf/bin/../lib/gcc/xtensa-esp-elf/15.2.0/../../../../xtensa-esp-elf/lib/:/home/muthuselvan/.espressif/tools/xtensa-esp-elf/esp-15.2.0_20250929/xtensa-esp-elf/bin/../xtensa-esp-elf/lib/:/home/muthuselvan/.espressif/tools/xtensa-esp-elf/esp-15.2.0_20250929/xtensa-esp-elf/bin/../xtensa-esp-elf/usr/lib/
COLLECT_GCC_OPTIONS='-mdynconfig=xtensa_esp32s3.so' '-v' '-o' 'CMakeFiles/cmTC_89970.dir/CMakeCCompilerABI.c.obj' '-c' '-dumpdir' 'CMakeFiles/cmTC_89970.dir/CMakeCCompilerABI.c.'
[2/2] Linking C executable cmTC_89970
Using built-in specs.
COLLECT_GCC=/home/muthuselvan/.espressif/tools/xtensa-esp-elf/esp-15.2.0_20250929/xtensa-esp-elf/bin/xtensa-esp-elf-gcc
COLLECT_LTO_WRAPPER=/home/muthuselvan/.espressif/tools/xtensa-esp-elf/esp-15.2.0_20250929/xtensa-esp-elf/bin/../libexec/gcc/xtensa-esp-elf/15.2.0/lto-wrapper
Target: xtensa-esp-elf
Configured with: /builds/idf/crosstool-NG/.build/xtensa-esp-elf/src/gcc/configure --build=x86_64-build_pc-linux-gnu --host=x86_64-build_pc-linux-gnu --target=xtensa-esp-elf --prefix=/builds/idf/crosstool-NG/builds/xtensa-esp-elf --exec_prefix=/builds/idf/crosstool-NG/builds/xtensa-esp-elf --with-local-prefix=/builds/idf/crosstool-NG/builds/xtensa-esp-elf/xtensa-esp-elf --with-sysroot=/builds/idf/crosstool-NG/builds/xtensa-esp-elf/xtensa-esp-elf --with-native-system-header-dir=/include --with-headers=/builds/idf/crosstool-NG/builds/xtensa-esp-elf/xtensa-esp-elf/include --with-newlib --enable-threads=no --disable-shared --with-pkgversion='crosstool-NG esp-15.2.0_20250929' --disable-__cxa_atexit --enable-cxx-flags='-ffunction-sections -fdata-sections' --disable-libgomp --disable-libmudflap --disable-libmpx --disable-libssp --disable-libquadmath --disable-libquadmath-support --disable-libstdcxx-verbose --with-gmp=/builds/idf/crosstool-NG/.build/xtensa-esp-elf/buildtools --with-mpfr=/builds/idf/crosstool-NG/.build/xtensa-esp-elf/buildtools --with-mpc=/builds/idf/crosstool-NG/.build/xtensa-esp-elf/buildtools --with-isl=/builds/idf/crosstool-NG/.build/xtensa-esp-elf/buildtools --enable-lto --enable-target-optspace --without-long-double-128 --enable-plugin --disable-nls --enable-multiarch --enable-languages=c,c++ --disable-libstdcxx-verbose --enable-threads=posix --enable-libstdcxx-time=yes --disable-win32-utf8-manifest
Thread model: posix
Supported LTO compression algorithms: zlib zstd
gcc version 15.2.0 (crosstool-NG esp-15.2.0_20250929) 
COMPILER_PATH=/home/muthuselvan/.espressif/tools/xtensa-esp-elf/esp-15.2.0_20250929/xtensa-esp-elf/bin/../libexec/gcc/xtensa-esp-elf/15.2.0/:/home/muthuselvan/.espressif/tools/xtensa-esp-elf/esp-15.2.0_20250929/xtensa-esp-elf/bin/../libexec/gcc/:/home/muthuselvan/.espressif/tools/xtensa-esp-elf/esp-15.2.0_20250929/xtensa-esp-elf/bin/../lib/gcc/xtensa-esp-elf/15.2.0/../../../../xtensa-esp-elf/bin/
LIBRARY_PATH=/home/muthuselvan/.espressif/tools/xtensa-esp-elf/esp-15.2.0_20250929/xtensa-esp-elf/bin/../lib/gcc/xtensa-esp-elf/15.2.0/esp32s3/:/home/muthuselvan/.espressif/tools/xtensa-esp-elf/esp-15.2.0_20250929/xtensa-esp-elf/bin/../lib/gcc/xtensa-esp-elf/15.2.0/../../../../xtensa-esp-elf/lib/esp32s3/:/home/muthuselvan/.espressif/tools/xtensa-esp-elf/esp-15.2.0_20250929/xtensa-esp-elf/bin/../xtensa-esp-elf/lib/esp32s3/:/home/muthuselvan/.espressif/tools/xtensa-esp-elf/esp-15.2.0_20250929/xtensa-esp-elf/bin/../lib/gcc/xtensa-esp-elf/15.2.0/:/home/muthuselvan/.espressif/tools/xtensa-esp-elf/esp-15.2.0_20250929/xtensa-esp-elf/bin/../lib/gcc/:/home/muthuselvan/.espressif/tools/xtensa-esp-elf/esp-15.2.0_20250929/xtensa-esp-elf/bin/../lib/gcc/xtensa-esp-elf/15.2.0/../../../../xtensa-esp-elf/lib/:/home/muthuselvan/.espressif/tools/xtensa-esp-elf/esp-15.2.0_20250929/xtensa-esp-elf/bin/../xtensa-esp-elf/lib/:/home/muthuselvan/.espressif/tools/xtensa-esp-elf/esp-15.2.0_20250929/xtensa-esp-elf/bin/../xtensa-esp-elf/usr/lib/
COLLECT_GCC_OPTIONS='-mdynconfig=xtensa_esp32s3.so' '-v' '-o' 'cmTC_89970' '-dumpdir' 'cmTC_89970.'
 /home/muthuselvan/.espressif/tools/xtensa-esp-elf/esp-15.2.0_20250929/xtensa-esp-elf/bin/../libexec/gcc/xtensa-esp-elf/15.2.0/collect2 -plugin /home/muthuselvan/.espressif/tools/xtensa-esp-elf/esp-15.2.0_20250929/xtensa-esp-elf/bin/../libexec/gcc/xtensa-esp-elf/15.2.0/liblto_plugin.so -plugin-opt=/home/muthuselvan/.espressif/tools/xtensa-esp-elf/esp-15.2.0_20250929/xtensa-esp-elf/bin/../libexec/gcc/xtensa-esp-elf/15.2.0/lto-wrapper -plugin-opt=-fresolution=/tmp/ccKK2HKe.res -plugin-opt=-pass-through=-lgcc -plugin-opt=-pass-through=-lc -plugin-opt=-pass-through=-lnosys -plugin-opt=-pass-through=-lc -plugin-opt=-pass-through=-lgcc --sysroot=/home/muthuselvan/.espressif/tools/xtensa-esp-elf/esp-15.2.0_20250929/xtensa-esp-elf/bin/../xtensa-esp-elf --dynconfig=xtensa_esp32s3.so -o cmTC_89970 /home/muthuselvan/.espressif/tools/xtensa-esp-elf/esp-15.2.0_20250929/xtensa-esp-elf/bin/../lib/gcc/xtensa-esp-elf/15.2.0/../../../../xtensa-esp-elf/lib/esp32s3/crt0.o /home/muthuselvan/.espressif/tools/xtensa-esp-elf/esp-15.2.0_20250929/xtensa-esp-elf/bin/../lib/gcc/xtensa-esp-elf/15.2.0/esp32s3/crti.o /home/muthuselvan/.espressif/tools/xtensa-esp-elf/esp-15.2.0_20250929/xtensa-esp-elf/bin/../lib/gcc/xtensa-esp-elf/15.2.0/esp32s3/crtbegin.o -L/home/muthuselvan/.espressif/tools/xtensa-esp-elf/esp-15.2.0_20250929/xtensa-esp-elf/bin/../lib/gcc/xtensa-esp-elf/15.2.0/esp32s3 -L/home/muthuselvan/.espressif/tools/xtensa-esp-elf/esp-15.2.0_20250929/xtensa-esp-elf/bin/../lib/gcc/xtensa-esp-elf/15.2.0/../../../../xtensa-esp-elf/lib/esp32s3 -L/home/muthuselvan/.espressif/tools/xtensa-esp-elf/esp-15.2.0_20250929/xtensa-esp-elf/bin/../xtensa-esp-elf/lib/esp32s3 -L/home/muthuselvan/.espressif/tools/xtensa-esp-elf/esp-15.2.0_20250929/xtensa-esp-elf/bin/../lib/gcc/xtensa-esp-elf/15.2.0 -L/home/muthuselvan/.espressif/tools/xtensa-esp-elf/esp-15.2.0_20250929/xtensa-esp-elf/bin/../lib/gcc -L/home/muthuselvan/.espressif/tools/xtensa-esp-elf/esp-15.2.0_20250929/xtensa-esp-elf/bin/../lib/gcc/xtensa-esp-elf/15.2.0/../../../../xtensa-esp-elf/lib -L/home/muthuselvan/.espressif/tools/xtensa-esp-elf/esp-15.2.0_20250929/xtensa-esp-elf/bin/../xtensa-esp-elf/lib -L/home/muthuselvan/.espressif/tools/xtensa-esp-elf/esp-15.2.0_20250929/xtensa-esp-elf/bin/../xtensa-esp-elf/usr/lib @/tmp/ccaEqbm5 -lgcc -lc -lnosys -lc -lgcc /home/muthuselvan/.espressif/tools/xtensa-esp-elf/esp-15.2.0_20250929/xtensa-esp-elf/bin/../lib/gcc/xtensa-esp-elf/15.2.0/esp32s3/crtend.o /home/muthuselvan/.espressif/tools/xtensa-esp-elf/esp-15.2.0_20250929/xtensa-esp-elf/bin/../lib/gcc/xtensa-esp-elf/15.2.0/esp32s3/crtn.o
COLLECT_GCC_OPTIONS='-mdynconfig=xtensa_esp32s3.so' '-v' '-o' 'cmTC_89970' '-dumpdir' 'cmTC_89970.'



Parsed C implicit include dir info from above output: rv=done
  found start of include info
  found start of implicit include info
    add: [/home/muthuselvan/.espressif/tools/xtensa-esp-elf/esp-15.2.0_20250929/xtensa-esp-elf/bin/../lib/gcc/xtensa-esp-elf/15.2.0/include]
    add: [/home/muthuselvan/.espressif/tools/xtensa-esp-elf/esp-15.2.0_20250929/xtensa-esp-elf/bin/../lib/gcc/xtensa-esp-elf/15.2.0/include-fixed]
    add: [/home/muthuselvan/.espressif/tools/xtensa-esp-elf/esp-15.2.0_20250929/xtensa-esp-elf/bin/../lib/gcc/xtensa-esp-elf/15.2.0/../../../../xtensa-esp-elf/include]
  end of search list found
  collapse include dir [/home/muthuselvan/.espressif/tools/xtensa-esp-elf/esp-15.2.0_20250929/xtensa-esp-elf/bin/../lib/gcc/xtensa-esp-elf/15.2.0/include] ==> [/home/muthuselvan/.espressif/tools/xtensa-esp-elf/esp-15.2.0_20250929/xtensa-esp-elf/lib/gcc/xtensa-esp-elf/15.2.0/include]
  collapse include dir [/home/muthuselvan/.espressif/tools/xtensa-esp-elf/esp-15.2.0_20250929/xtensa-esp-elf/bin/../lib/gcc/xtensa-esp-elf/15.2.0/include-fixed] ==> [/home/muthuselvan/.espressif/tools/xtensa-esp-elf/esp-15.2.0_20250929/xtensa-esp-elf/lib/gcc/xtensa-esp-elf/15.2.0/include-fixed]
  collapse include dir [/home/muthuselvan/.espressif/tools/xtensa-esp-elf/esp-15.2.0_20250929/xtensa-esp-elf/bin/../lib/gcc/xtensa-esp-elf/15.2.0/../../../../xtensa-esp-elf/include] ==> [/home/muthuselvan/.espressif/tools/xtensa-esp-elf/esp-15.2.0_20250929/xtensa-esp-elf/xtensa-esp-elf/include]
  implicit include dirs: [/home/muthuselvan/.espressif/tools/xtensa-esp-elf/esp-15.2.0_20250929/xtensa-esp-elf/lib/gcc/xtensa-esp-elf/15.2.0/include;/home/muthuselvan/.espressif/tools/xtensa-esp-elf/esp-15.2.0_20250929/xtensa-esp-elf/lib/gcc/xtensa-esp-elf/15.2.0/include-fixed;/home/muthuselvan/.espressif/tools/xtensa-esp-elf/esp-15.2.0_20250929/xtensa-esp-elf/xtensa-esp-elf/include]


Parsed C implicit link information from above output:
  link line regex: [^( *|.*[/\])(xtensa-esp32s3-elf-ld|CMAKE_LINK_STARTFILE-NOTFOUND|([^/\]+-)?ld|collect2)[^/\]*( |$)]
  ignore line: [Change Dir: /home/muthuselvan/esp/build/CMakeFiles/CMakeTmp]
  ignore line: []
  ignore line: [Run Build Command(s):/home/muthuselvan/.local/bin/ninja cmTC_89970 && [1/2] Building C object CMakeFiles/cmTC_89970.dir/CMakeCCompilerABI.c.obj]
  ignore line: [Using built-in specs.]
  ignore line: [COLLECT_GCC=/home/muthuselvan/.espressif/tools/xtensa-esp-elf/esp-15.2.0_20250929/xtensa-esp-elf/bin/xtensa-esp-elf-gcc]
  ignore line: [Target: xtensa-esp-elf]
  ignore line: [Configured with: /builds/idf/crosstool-NG/.build/xtensa-esp-elf/src/gcc/configure --build=x86_64-build_pc-linux-gnu --host=x86_64-build_pc-linux-gnu --target=xtensa-esp-elf --prefix=/builds/idf/crosstool-NG/builds/xtensa-esp-elf --exec_prefix=/builds/idf/crosstool-NG/builds/xtensa-esp-elf --with-local-prefix=/builds/idf/crosstool-NG/builds/xtensa-esp-elf/xtensa-esp-elf --with-sysroot=/builds/idf/crosstool-NG/builds/xtensa-esp-elf/xtensa-esp-elf --with-native-system-header-dir=/include --with-headers=/builds/idf/crosstool-NG/builds/xtensa-esp-elf/xtensa-esp-elf/include --with-newlib --enable-threads=no --disable-shared --with-pkgversion='crosstool-NG esp-15.2.0_20250929' --disable-__cxa_atexit --enable-cxx-flags='-ffunction-sections -fdata-sections' --disable-libgomp --disable-libmudflap --disable-libmpx --disable-libssp --disable-libquadmath --disable-libquadmath-support --disable-libstdcxx-verbose --with-gmp=/builds/idf/crosstool-NG/.build/xtensa-esp-elf/buildtools --with-mpfr=/builds/idf/crosstool-NG/.build/xtensa-esp-elf/buildtools --with-mpc=/builds/idf/crosstool-NG/.build/xtensa-esp-elf/buildtools --with-isl=/builds/idf/crosstool-NG/.build/xtensa-esp-elf/buildtools --enable-lto --enable-target-optspace --without-long-double-128 --enable-plugin --disable-nls --enable-multiarch --enable-languages=c c++ --disable-libstdcxx-verbose --enable-threads=posix --enable-libstdcxx-time=yes --disable-win32-utf8-manifest]
  ignore line: [Thread model: posix]
  ignore line: [Supported LTO compression algorithms: zlib zstd]
  ignore line: [gcc version 15.2.0 (crosstool-NG esp-15.2.0_20250929) ]
  ignore line: [COLLECT_GCC_OPTIONS='-mdynconfig=xtensa_esp32s3.so' '-v' '-o' 'CMakeFiles/cmTC_89970.dir/CMakeCCompilerABI.c.obj' '-c' '-dumpdir' 'CMakeFiles/cmTC_89970.dir/']
  ignore line: [ /home/muthuselvan/.espressif/tools/xtensa-esp-elf/esp-15.2.0_20250929/xtensa-esp-elf/bin/../libexec/gcc/xtensa-esp-elf/15.2.0/cc1 -quiet -v -imultilib esp32s3 -iprefix /home/muthuselvan/.espressif/tools/xtensa-esp-elf/esp-15.2.0_20250929/xtensa-esp-elf/bin/../lib/gcc/xtensa-esp-elf/15.2.0/ -isysroot /home/muthuselvan/.espressif/tools/xtensa-esp-elf/esp-15.2.0_20250929/xtensa-esp-elf/bin/../xtensa-esp-elf /usr/share/cmake-3.22/Modules/CMakeCCompilerABI.c -quiet -dumpdir CMakeFiles/cmTC_89970.dir/ -dumpbase CMakeCCompilerABI.c.c -dumpbase-ext .c -mdynconfig=xtensa_esp32s3.so -version -o /tmp/ccJQ9pKD.s]
  ignore line: [GNU C23 (crosstool-NG esp-15.2.0_20250929) version 15.2.0 (xtensa-esp-elf)]
  ignore line: [	compiled by GNU C version 6.3.0  GMP version 6.3.0  MPFR version 4.2.1  MPC version 1.3.1  isl version isl-0.26-GMP]
  ignore line: []
  ignore line: [GGC heuristics: --param ggc-min-expand=100 --param ggc-min-heapsize=131072]
  ignore line: [ignoring duplicate directory "/home/muthuselvan/.espressif/tools/xtensa-esp-elf/esp-15.2.0_20250929/xtensa-esp-elf/bin/../lib/gcc/../../lib/gcc/xtensa-esp-elf/15.2.0/include"]
  ignore line: [ignoring nonexistent directory "/home/muthuselvan/.espressif/tools/xtensa-esp-elf/esp-15.2.0_20250929/xtensa-esp-elf/bin/../xtensa-esp-elf/builds/idf/crosstool-NG/builds/xtensa-esp-elf/xtensa-esp-elf/include"]
  ignore line: [ignoring duplicate directory "/home/muthuselvan/.espressif/tools/xtensa-esp-elf/esp-15.2.0_20250929/xtensa-esp-elf/bin/../lib/gcc/../../lib/gcc/xtensa-esp-elf/15.2.0/include-fixed"]
  ignore line: [ignoring duplicate directory "/home/muthuselvan/.espressif/tools/xtensa-esp-elf/esp-15.2.0_20250929/xtensa-esp-elf/bin/../lib/gcc/../../lib/gcc/xtensa-esp-elf/15.2.0/../../../../xtensa-esp-elf/include"]
  ignore line: [ignoring duplicate directory "/home/muthuselvan/.espressif/tools/xtensa-esp-elf/esp-15.2.0_20250929/xtensa-esp-elf/bin/../xtensa-esp-elf/include"]
  ignore line: [#include "..." search starts here:]
  ignore line: [#include <...> search starts here:]
  ignore line: [ /home/muthuselvan/.espressif/tools/xtensa-esp-elf/esp-15.2.0_20250929/xtensa-esp-elf/bin/../lib/gcc/xtensa-esp-elf/15.2.0/include]
  ignore line: [ /home/muthuselvan/.espressif/tools/xtensa-esp-elf/esp-15.2.0_20250929/xtensa-esp-elf/bin/../lib/gcc/xtensa-esp-elf/15.2.0/include-fixed]
  ignore line: [ /home/muthuselvan/.espressif/tools/xtensa-esp-elf/esp-15.2.0_20250929/xtensa-esp-elf/bin/../lib/gcc/xtensa-esp-elf/15.2.0/../../../../xtensa-esp-elf/include]
  ignore line: [End of search list.]
  ignore line: [Compiler executable checksum: 4978507c08d555b30d3cc184655822f4]
  ignore line: [COLLECT_GCC_OPTIONS='-mdynconfig=xtensa_esp32s3.so' '-v' '-o' 'CMakeFiles/cmTC_89970.dir/CMakeCCompilerABI.c.obj' '-c' '-dumpdir' 'CMakeFiles/cmTC_89970.dir/']
  ignore line: [ /home/muthuselvan/.espressif/tools/xtensa-esp-elf/esp-15.2.0_20250929/xtensa-esp-elf/bin/../lib/gcc/xtensa-esp-elf/15.2.0/../../../../xtensa-esp-elf/bin/as --traditional-format --dynconfig=xtensa_esp32s3.so -o CMakeFiles/cmTC_89970.dir/CMakeCCompilerABI.c.obj /tmp/ccJQ9pKD.s]
  ignore line: [COMPILER_PATH=/home/muthuselvan/.espressif/tools/xtensa-esp-elf/esp-15.2.0_20250929/xtensa-esp-elf/bin/../libexec/gcc/xtensa-esp-elf/15.2.0/:/home/muthuselvan/.espressif/tools/xtensa-esp-elf/esp-15.2.0_20250929/xtensa-esp-elf/bin/../libexec/gcc/:/home/muthuselvan/.espressif/tools/xtensa-esp-elf/esp-15.2.0_20250929/xtensa-esp-elf/bin/../lib/gcc/xtensa-esp-elf/15.2.0/../../../../xtensa-esp-elf/bin/]
  ignore line: [LIBRARY_PATH=/home/muthuselvan/.espressif/tools/xtensa-esp-elf/esp-15.2.0_20250929/xtensa-esp-elf/bin/../lib/gcc/xtensa-esp-elf/15.2.0/esp32s3/:/home/muthuselvan/.espressif/tools/xtensa-esp-elf/esp-15.2.0_20250929/xtensa-esp-elf/bin/../lib/gcc/xtensa-esp-elf/15.2.0/../../../../xtensa-esp-elf/lib/esp32s3/:/home/muthuselvan/.espressif/tools/xtensa-esp-elf/esp-15.2.0_20250929/xtensa-esp-elf/bin/../xtensa-esp-elf/lib/esp32s3/:/home/muthuselvan/.espressif/tools/xtensa-esp-elf/esp-15.2.0_20250929/xtensa-esp-elf/bin/../lib/gcc/xtensa-esp-elf/15.2.0/:/home/muthuselvan/.espressif/tools/xtensa-esp-elf/esp-15.2.0_20250929/xtensa-esp-elf/bin/../lib/gcc/:/home/muthuselvan/.espressif/tools/xtensa-esp-elf/esp-15.2.0_20250929/xtensa-esp-elf/bin/../lib/gcc/xtensa-esp-elf/15.2.0/../../../../xtensa-esp-elf/lib/:/home/muthuselvan/.espressif/tools/xtensa-esp-elf/esp-15.2.0_20250929/xtensa-esp-elf/bin/../xtensa-esp-elf/lib/:/home/muthuselvan/.espressif/tools/xtensa-esp-elf/esp-15.2.0_20250929/xtensa-esp-elf/bin/../xtensa-esp-elf/usr/lib/]
  ignore line: [COLLECT_GCC_OPTIONS='-mdynconfig=xtensa_esp32s3.so' '-v' '-o' 'CMakeFiles/cmTC_89970.dir/CMakeCCompilerABI.c.obj' '-c' '-dumpdir' 'CMakeFiles/cmTC_89970.dir/CMakeCCompilerABI.c.']
  ignore line: [[2/2] Linking C executable cmTC_89970]
  ignore line: [Using built-in specs.]
  ignore line: [COLLECT_GCC=/home/muthuselvan/.espressif/tools/xtensa-esp-elf/esp-15.2.0_20250929/xtensa-esp-elf/bin/xtensa-esp-elf-gcc]
  ignore line: [COLLECT_LTO_WRAPPER=/home/muthuselvan/.espressif/tools/xtensa-esp-elf/esp-15.2.0_20250929/xtensa-esp-elf/bin/../libexec/gcc/xtensa-esp-elf/15.2.0/lto-wrapper]
  ignore line: [Target: xtensa-esp-elf]
  ignore line: [Configured with: /builds/idf/crosstool-NG/.build/xtensa-esp-elf/src/gcc/configure --build=x86_64-build_pc-linux-gnu --host=x86_64-build_pc-linux-gnu --target=xtensa-esp-elf --prefix=/builds/idf/crosstool-NG/builds/xtensa-esp-elf --exec_prefix=/builds/idf/crosstool-NG/builds/xtensa-esp-elf --with-local-prefix=/builds/idf/crosstool-NG/builds/xtensa-esp-elf/xtensa-esp-elf --with-sysroot=/builds/idf/crosstool-NG/builds/xtensa-esp-elf/xtensa-esp-elf --with-native-system-header-dir=/include --with-headers=/builds/idf/crosstool-NG/builds/xtensa-esp-elf/xtensa-esp-elf/include --with-newlib --enable-threads=no --disable-shared --with-pkgversion='crosstool-NG esp-15.2.0_20250929' --disable-__cxa_atexit --enable-cxx-flags='-ffunction-sections -fdata-sections' --disable-libgomp --disable-libmudflap --disable-libmpx --disable-libssp --disable-libquadmath --disable-libquadmath-support --disable-libstdcxx-verbose --with-gmp=/builds/idf/crosstool-NG/.build/xtensa-esp-elf/buildtools --with-mpfr=/builds/idf/crosstool-NG/.build/xtensa-esp-elf/buildtools --with-mpc=/builds/idf/crosstool-NG/.build/xtensa-esp-elf/buildtools --with-isl=/builds/idf/crosstool-NG/.build/xtensa-esp-elf/buildtools --enable-lto --enable-target-optspace --without-long-double-128 --enable-plugin --disable-nls --enable-multiarch --enable-languages=c c++ --disable-libstdcxx-verbose --enable-threads=posix --enable-libstdcxx-time=yes --disable-win32-utf8-manifest]
  ignore line: [Thread model: posix]
  ignore line: [Supported LTO compression algorithms: zlib zstd]
  ignore line: [gcc version 15.2.0 (crosstool-NG esp-15.2.0_20250929) ]
  ignore line: [COMPILER_PATH=/home/muthuselvan/.espressif/tools/xtensa-esp-elf/esp-15.2.0_20250929/xtensa-esp-elf/bin/../libexec/gcc/xtensa-esp-elf/15.2.0/:/home/muthuselvan/.espressif/tools/xtensa-esp-elf/esp-15.2.0_20250929/xtensa-esp-elf/bin/../libexec/gcc/:/home/muthuselvan/.espressif/tools/xtensa-esp-elf/esp-15.2.0_20250929/xtensa-esp-elf/bin/../lib/gcc/xtensa-esp-elf/15.2.0/../../../../xtensa-esp-elf/bin/]
  ignore line: [LIBRARY_PATH=/home/muthuselvan/.espressif/tools/xtensa-esp-elf/esp-15.2.0_20250929/xtensa-esp-elf/bin/../lib/gcc/xtensa-esp-elf/15.2.0/esp32s3/:/home/muthuselvan/.espressif/tools/xtensa-esp-elf/esp-15.2.0_20250929/xtensa-esp-elf/bin/../lib/gcc/xtensa-esp-elf/15.2.0/../../../../xtensa-esp-elf/lib/esp32s3/:/home/muthuselvan/.espressif/tools/xtensa-esp-elf/esp-15.2.0_20250929/xtensa-esp-elf/bin/../xtensa-esp-elf/lib/esp32s3/:/home/muthuselvan/.espressif/tools/xtensa-esp-elf/esp-15.2.0_20250929/xtensa-esp-elf/bin/../lib/gcc/xtensa-esp-elf/15.2.0/:/home/muthuselvan/.espressif/tools/xtensa-esp-elf/esp-15.2.0_20250929/xtensa-esp-elf/bin/../lib/gcc/:/home/muthuselvan/.espressif/tools/xtensa-esp-elf/esp-15.2.0_20250929/xtensa-esp-elf/bin/../lib/gcc/xtensa-esp-elf/15.2.0/../../../../xtensa-esp-elf/lib/:/home/muthuselvan/.espressif/tools/xtensa-esp-elf/esp-15.2.0_20250929/xtensa-esp-elf/bin/../xtensa-esp-elf/lib/:/home/muthuselvan/.espressif/tools/xtensa-esp-elf/esp-15.2.0_20250929/xtensa-esp-elf/bin/../xtensa-esp-elf/usr/lib/]
  ignore line: [COLLECT_GCC_OPTIONS='-mdynconfig=xtensa_esp32s3.so' '-v' '-o' 'cmTC_89970' '-dumpdir' 'cmTC_89970.']
  link line: [ /home/muthuselvan/.espressif/tools/xtensa-esp-elf/esp-15.2.0_20250929/xtensa-esp-elf/bin/../libexec/gcc/xtensa-esp-elf/15.2.0/collect2 -plugin /home/muthuselvan/.espressif/tools/xtensa-esp-elf/esp-15.2.0_20250929/xtensa-esp-elf/bin/../libexec/gcc/xtensa-esp-elf/15.2.0/liblto_plugin.so -plugin-opt=/home/muthuselvan/.espressif/tools/xtensa-esp-elf/esp-15.2.0_20250929/xtensa-esp-elf/bin/../libexec/gcc/xtensa-esp-elf/15.2.0/lto-wrapper -plugin-opt=-fresolution=/tmp/ccKK2HKe.res -plugin-opt=-pass-through=-lgcc -plugin-opt=-pass-through=-lc -plugin-opt=-pass-through=-lnosys -plugin-opt=-pass-through=-lc -plugin-opt=-pass-through=-lgcc --sysroot=/home/muthuselvan/.espressif/tools/xtensa-esp-elf/esp-15.2.0_20250929/xtensa-esp-elf/bin/../xtensa-esp-elf --dynconfig=xtensa_esp32s3.so -o cmTC_89970 /home/muthuselvan/.espressif/tools/xtensa-esp-elf/esp-15.2.0_20250929/xtensa-esp-elf/bin/../lib/gcc/xtensa-esp-elf/15.2.0/../../../../xtensa-esp-elf/lib/esp32s3/crt0.o /home/muthuselvan/.espressif/tools/xtensa-esp-elf/esp-15.2.0_20250929/xtensa-esp-elf/bin/../lib/gcc/xtensa-esp-elf/15.2.0/esp32s3/crti.o /home/muthuselvan/.espressif/tools/xtensa-esp-elf/esp-15.2.0_20250929/xtensa-esp-elf/bin/../lib/gcc/xtensa-esp-elf/15.2.0/esp32s3/crtbegin.o -L/home/muthuselvan/.espressif/tools/xtensa-esp-elf/esp-15.2.0_20250929/xtensa-esp-elf/bin/../lib/gcc/xtensa-esp-elf/15.2.0/esp32s3 -L/home/muthuselvan/.espressif/tools/xtensa-esp-elf/esp-15.2.0_20250929/xtensa-esp-elf/bin/../lib/gcc/xtensa-esp-elf/15.2.0/../../../../xtensa-esp-elf/lib/esp32s3 -L/home/muthuselvan/.espressif/tools/xtensa-esp-elf/esp-15.2.0_20250929/xtensa-esp-elf/bin/../xtensa-esp-elf/lib/esp32s3 -L/home/muthuselvan/.espressif/tools/xtensa-esp-elf/esp-15.2.0_20250929/xtensa-esp-elf/bin/../lib/gcc/xtensa-esp-elf/15.2.0 -L/home/muthuselvan/.espressif/tools/xtensa-esp-elf/esp-15.2.0_20250929/xtensa-esp-elf/bin/../lib/gcc -L/home/muthuselvan/.espressif/tools/xtensa-esp-elf/esp-15.2.0_20250929/xtensa-esp-elf/bin/../lib/gcc/xtensa-esp-elf/15.2.0/../../../../xtensa-esp-elf/lib -L/home/muthuselvan/.espressif/tools/xtensa-esp-elf/esp-15.2.0_20250929/xtensa-esp-elf/bin/../xtensa-esp-elf/lib -L/home/muthuselvan/.espressif/tools/xtensa-esp-elf/esp-15.2.0_20250929/xtensa-esp-elf/bin/../xtensa-esp-elf/usr/lib @/tmp/ccaEqbm5 -lgcc -lc -lnosys -lc -lgcc /home/muthuselvan/.espressif/tools/xtensa-esp-elf/esp-15.2.0_20250929/xtensa-esp-elf/bin/../lib/gcc/xtensa-esp-elf/15.2.0/esp32s3/crtend.o /home/muthuselvan/.espressif/tools/xtensa-esp-elf/esp-15.2.0_20250929/xtensa-esp-elf/bin/../lib/gcc/xtensa-esp-elf/15.2.0/esp32s3/crtn.o]
    arg [/home/muthuselvan/.espressif/tools/xtensa-esp-elf/esp-15.2.0_20250929/xtensa-esp-elf/bin/../libexec/gcc/xtensa-esp-elf/15.2.0/collect2] ==> ignore
    arg [-plugin] ==> ignore
    arg [/home/muthuselvan/.espressif/tools/xtensa-esp-elf/esp-15.2.0_20250929/xtensa-esp-elf/bin/../libexec/gcc/xtensa-esp-elf/15.2.0/liblto_plugin.so] ==> ignore
    arg [-plugin-opt=/home/muthuselvan/.espressif/tools/xtensa-esp-elf/esp-15.2.0_20250929/xtensa-esp-elf/bin/../libexec/gcc/xtensa-esp-elf/15.2.0/lto-wrapper] ==> ignore
    arg [-plugin-opt=-fresolution=/tmp/ccKK2HKe.res] ==> ignore
    arg [-plugin-opt=-pass-through=-lgcc] ==> ignore
    arg [-plugin-opt=-pass-through=-lc] ==> ignore
    arg [-plugin-opt=-pass-through=-lnosys] ==> ignore
    arg [-plugin-opt=-pass-through=-lc] ==> ignore
    arg [-plugin-opt=-pass-through=-lgcc] ==> ignore
    arg [--sysroot=/home/muthuselvan/.espressif/tools/xtensa-esp-elf/esp-15.2.0_20250929/xtensa-esp-elf/bin/../xtensa-esp-elf] ==> ignore
    arg [--dynconfig=xtensa_esp32s3.so] ==> ignore
    arg [-o] ==> ignore
    arg [cmTC_89970] ==> ignore
    arg [/home/muthuselvan/.espressif/tools/xtensa-esp-elf/esp-15.2.0_20250929/xtensa-esp-elf/bin/../lib/gcc/xtensa-esp-elf/15.2.0/../../../../xtensa-esp-elf/lib/esp32s3/crt0.o] ==> obj [/home/muthuselvan/.espressif/tools/xtensa-esp-elf/esp-15.2.0_20250929/xtensa-esp-elf/bin/../lib/gcc/xtensa-esp-elf/15.2.0/../../../../xtensa-esp-elf/lib/esp32s3/crt0.o]
    arg [/home/muthuselvan/.espressif/tools/xtensa-esp-elf/esp-15.2.0_20250929/xtensa-esp-elf/bin/../lib/gcc/xtensa-esp-elf/15.2.0/esp32s3/crti.o] ==> obj [/home/muthuselvan/.espressif/tools/xtensa-esp-elf/esp-15.2.0_20250929/xtensa-esp-elf/bin/../lib/gcc/xtensa-esp-elf/15.2.0/esp32s3/crti.o]
    arg [/home/muthuselvan/.espressif/tools/xtensa-esp-elf/esp-15.2.0_20250929/xtensa-esp-elf/bin/../lib/gcc/xtensa-esp-elf/15.2.0/esp32s3/crtbegin.o] ==> obj [/home/muthuselvan/.espressif/tools/xtensa-esp-elf/esp-15.2.0_20250929/xtensa-esp-elf/bin/../lib/gcc/xtensa-esp-elf/15.2.0/esp32s3/crtbegin.o]
    arg [-L/home/muthuselvan/.espressif/tools/xtensa-esp-elf/esp-15.2.0_20250929/xtensa-esp-elf/bin/../lib/gcc/xtensa-esp-elf/15.2.0/esp32s3] ==> dir [/home/muthuselvan/.espressif/tools/xtensa-esp-elf/esp-15.2.0_20250929/xtensa-esp-elf/bin/../lib/gcc/xtensa-esp-elf/15.2.0/esp32s3]
    arg [-L/home/muthuselvan/.espressif/tools/xtensa-esp-elf/esp-15.2.0_20250929/xtensa-esp-elf/bin/../lib/gcc/xtensa-esp-elf/15.2.0/../../../../xtensa-esp-elf/lib/esp32s3] ==> dir [/home/muthuselvan/.espressif/tools/xtensa-esp-elf/esp-15.2.0_20250929/xtensa-esp-elf/bin/../lib/gcc/xtensa-esp-elf/15.2.0/../../../../xtensa-esp-elf/lib/esp32s3]
    arg [-L/home/muthuselvan/.espressif/tools/xtensa-esp-elf/esp-15.2.0_20250929/xtensa-esp-elf/bin/../xtensa-esp-elf/lib/esp32s3] ==> dir [/home/muthuselvan/.espressif/tools/xtensa-esp-elf/esp-15.2.0_20250929/xtensa-esp-elf/bin/../xtensa-esp-elf/lib/esp32s3]
    arg [-L/home/muthuselvan/.espressif/tools/xtensa-esp-elf/esp-15.2.0_20250929/xtensa-esp-elf/bin/../lib/gcc/xtensa-esp-elf/15.2.0] ==> dir [/home/muthuselvan/.espressif/tools/xtensa-esp-elf/esp-15.2.0_20250929/xtensa-esp-elf/bin/../lib/gcc/xtensa-esp-elf/15.2.0]
    arg [-L/home/muthuselvan/.espressif/tools/xtensa-esp-elf/esp-15.2.0_20250929/xtensa-esp-elf/bin/../lib/gcc] ==> dir [/home/muthuselvan/.espressif/tools/xtensa-esp-elf/esp-15.2.0_20250929/xtensa-esp-elf/bin/../lib/gcc]
    arg [-L/home/muthuselvan/.espressif/tools/xtensa-esp-elf/esp-15.2.0_20250929/xtensa-esp-elf/bin/../lib/gcc/xtensa-esp-elf/15.2.0/../../../../xtensa-esp-elf/lib] ==> dir [/home/muthuselvan/.espressif/tools/xtensa-esp-elf/esp-15.2.0_20250929/xtensa-esp-elf/bin/../lib/gcc/xtensa-esp-elf/15.2.0/../../../../xtensa-esp-elf/lib]
    arg [-L/home/muthuselvan/.espressif/tools/xtensa-esp-elf/esp-15.2.0_20250929/xtensa-esp-elf/bin/../xtensa-esp-elf/lib] ==> dir [/home/muthuselvan/.espressif/tools/xtensa-esp-elf/esp-15.2.0_20250929/xtensa-esp-elf/bin/../xtensa-esp-elf/lib]
    arg [-L/home/muthuselvan/.espressif/tools/xtensa-esp-elf/esp-15.2.0_20250929/xtensa-esp-elf/bin/../xtensa-esp-elf/usr/lib] ==> dir [/home/muthuselvan/.espressif/tools/xtensa-esp-elf/esp-15.2.0_20250929/xtensa-esp-elf/bin/../xtensa-esp-elf/usr/lib]
    arg [@/tmp/ccaEqbm5] ==> ignore
    arg [-lgcc] ==> lib [gcc]
    arg [-lc] ==> lib [c]
    arg [-lnosys] ==> lib [nosys]
    arg [-lc] ==> lib [c]
    arg [-lgcc] ==> lib [gcc]
    arg [/home/muthuselvan/.espressif/tools/xtensa-esp-elf/esp-15.2.0_20250929/xtensa-esp-elf/bin/../lib/gcc/xtensa-esp-elf/15.2.0/esp32s3/crtend.o] ==> obj [/home/muthuselvan/.espressif/tools/xtensa-esp-elf/esp-15.2.0_20250929/xtensa-esp-elf/bin/../lib/gcc/xtensa-esp-elf/15.2.0/esp32s3/crtend.o]
    arg [/home/muthuselvan/.espressif/tools/xtensa-esp-elf/esp-15.2.0_20250929/xtensa-esp-elf/bin/../lib/gcc/xtensa-esp-elf/15.2.0/esp32s3/crtn.o] ==> obj [/home/muthuselvan/.espressif/tools/xtensa-esp-elf/esp-15.2.0_20250929/xtensa-esp-elf/bin/../lib/gcc/xtensa-esp-elf/15.2.0/esp32s3/crtn.o]
  collapse obj [/home/muthuselvan/.espressif/tools/xtensa-esp-elf/esp-15.2.0_20250929/xtensa-esp-elf/bin/../lib/gcc/xtensa-esp-elf/15.2.0/../../../../xtensa-esp-elf/lib/esp32s3/crt0.o] ==> [/home/muthuselvan/.espressif/tools/xtensa-esp-elf/esp-15.2.0_20250929/xtensa-esp-elf/xtensa-esp-elf/lib/esp32s3/crt0.o]
  collapse obj [/home/muthuselvan/.espressif/tools/xtensa-esp-elf/esp-15.2.0_20250929/xtensa-esp-elf/bin/../lib/gcc/xtensa-esp-elf/15.2.0/esp32s3/crti.o] ==> [/home/muthuselvan/.espressif/tools/xtensa-esp-elf/esp-15.2.0_20250929/xtensa-esp-elf/lib/gcc/xtensa-esp-elf/15.2.0/esp32s3/crti.o]
  collapse obj [/home/muthuselvan/.espressif/tools/xtensa-esp-elf/esp-15.2.0_20250929/xtensa-esp-elf/bin/../lib/gcc/xtensa-esp-elf/15.2.0/esp32s3/crtbegin.o] ==> [/home/muthuselvan/.espressif/tools/xtensa-esp-elf/esp-15.2.0_20250929/xtensa-esp-elf/lib/gcc/xtensa-esp-elf/15.2.0/esp32s3/crtbegin.o]
  collapse obj [/home/muthuselvan/.espressif/tools/xtensa-esp-elf/esp-15.2.0_20250929/xtensa-esp-elf/bin/../lib/gcc/xtensa-esp-elf/15.2.0/esp32s3/crtend.o] ==> [/home/muthuselvan/.espressif/tools/xtensa-esp-elf/esp-15.2.0_20250929/xtensa-esp-elf/lib/gcc/xtensa-esp-elf/15.2.0/esp32s3/crtend.o]
  collapse obj [/home/muthuselvan/.espressif/tools/xtensa-esp-elf/esp-15.2.0_20250929/xtensa-esp-elf/bin/../lib/gcc/xtensa-esp-elf/15.2.0/esp32s3/crtn.o] ==> [/home/muthuselvan/.espressif/tools/xtensa-esp-elf/esp-15.2.0_20250929/xtensa-esp-elf/lib/gcc/xtensa-esp-elf/15.2.0/esp32s3/crtn.o]
  collapse library dir [/home/muthuselvan/.espressif/tools/xtensa-esp-elf/esp-15.2.0_20250929/xtensa-esp-elf/bin/../lib/gcc/xtensa-esp-elf/15.2.0/esp32s3] ==> [/home/muthuselvan/.espressif/tools/xtensa-esp-elf/esp-15.2.0_20250929/xtensa-esp-elf/lib/gcc/xtensa-esp-elf/15.2.0/esp32s3]
  collapse library dir [/home/muthuselvan/.espressif/tools/xtensa-esp-elf/esp-15.2.0_20250929/xtensa-esp-elf/bin/../lib/gcc/xtensa-esp-elf/15.2.0/../../../../xtensa-esp-elf/lib/esp32s3] ==> [/home/muthuselvan/.espressif/tools/xtensa-esp-elf/esp-15.2.0_20250929/xtensa-esp-elf/xtensa-esp-elf/lib/esp32s3]
  collapse library dir [/home/muthuselvan/.espressif/tools/xtensa-esp-elf/esp-15.2.0_20250929/xtensa-esp-elf/bin/../xtensa-esp-elf/lib/esp32s3] ==> [/home/muthuselvan/.espressif/tools/xtensa-esp-elf/esp-15.2.0_20250929/xtensa-esp-elf/xtensa-esp-elf/lib/esp32s3]
  collapse library dir [/home/muthuselvan/.espressif/tools/xtensa-esp-elf/esp-15.2.0_20250929/xtensa-esp-elf/bin/../lib/gcc/xtensa-esp-elf/15.2.0] ==> [/home/muthuselvan/.espressif/tools/xtensa-esp-elf/esp-15.2.0_20250929/xtensa-esp-elf/lib/gcc/xtensa-esp-elf/15.2.0]
  collapse library dir [/home/muthuselvan/.espressif/tools/xtensa-esp-elf/esp-15.2.0_20250929/xtensa-esp-elf/bin/../lib/gcc] ==> [/home/muthuselvan/.espressif/tools/xtensa-esp-elf/esp-15.2.0_20250929/xtensa-esp-elf/lib/gcc]
  collapse library dir [/home/muthuselvan/.espressif/tools/xtensa-esp-elf/esp-15.2.0_20250929/xtensa-esp-elf/bin/../lib/gcc/xtensa-esp-elf/15.2.0/../../../../xtensa-esp-elf/lib] ==> [/home/muthuselvan/.espressif/tools/xtensa-esp-elf/esp-15.2.0_20250929/xtensa-esp-elf/xtensa-esp-elf/lib]
  collapse library dir [/home/muthuselvan/.espressif/tools/xtensa-esp-elf/esp-15.2.0_20250929/xtensa-esp-elf/bin/../xtensa-esp-elf/lib] ==> [/home/muthuselvan/.espressif/tools/xtensa-esp-elf/esp-15.2.0_20250929/xtensa-esp-elf/xtensa-esp-elf/lib]
  collapse library dir [/home/muthuselvan/.espressif/tools/xtensa-esp-elf/esp-15.2.0_20250929/xtensa-esp-elf/bin/../xtensa-esp-elf/usr/lib] ==> [/home/muthuselvan/.espressif/tools/xtensa-esp-elf/esp-15.2.0_20250929/xtensa-esp-elf/xtensa-esp-elf/usr/lib]
  implicit libs: [gcc;c;nosys;c;gcc]
  implicit objs: [/home/muthuselvan/.espressif/tools/xtensa-esp-elf/esp-15.2.0_20250929/xtensa-esp-elf/xtensa-esp-elf/lib/esp32s3/crt0.o;/home/muthuselvan/.espressif/tools/xtensa-esp-elf/esp-15.2.0_20250929/xtensa-esp-elf/lib/gcc/xtensa-esp-elf/15.2.0/esp32s3/crti.o;/home/muthuselvan/.espressif/tools/xtensa-esp-elf/esp-15.2.0_20250929/xtensa-esp-elf/lib/gcc/xtensa-esp-elf/15.2.0/esp32s3/crtbegin.o;/home/muthuselvan/.espressif/tools/xtensa-esp-elf/esp-15.2.0_20250929/xtensa-esp-elf/lib/gcc/xtensa-esp-elf/15.2.0/esp32s3/crtend.o;/home/muthuselvan/.espressif/tools/xtensa-esp-elf/esp-15.2.0_20250929/xtensa-esp-elf/lib/gcc/xtensa-esp-elf/15.2.0/esp32s3/crtn.o]
  implicit dirs: [/home/muthuselvan/.espressif/tools/xtensa-esp-elf/esp-15.2.0_20250929/xtensa-esp-elf/lib/gcc/xtensa-esp-elf/15.2.0/esp32s3;/home/muthuselvan/.espressif/tools/xtensa-esp-elf/esp-15.2.0_20250929/xtensa-esp-elf/xtensa-esp-elf/lib/esp32s3;/home/muthuselvan/.espressif/tools/xtensa-esp-elf/esp-15.2.0_20250929/xtensa-esp-elf/lib/gcc/xtensa-esp-elf/15.2.0;/home/muthuselvan/.espressif/tools/xtensa-esp-elf/esp-15.2.0_20250929/xtensa-esp-elf/lib/gcc;/home/muthuselvan/.espressif/tools/xtensa-esp-elf/esp-15.2.0_20250929/xtensa-esp-elf/xtensa-esp-elf/lib;/home/muthuselvan/.espressif/tools/xtensa-esp-elf/esp-15.2.0_20250929/xtensa-esp-elf/xtensa-esp-elf/usr/lib]
  implicit fwks: []


Detecting CXX compiler ABI info compiled with the following output:
Change Dir: /home/muthuselvan/esp/build/CMakeFiles/CMakeTmp

Run Build Command(s):/home/muthuselvan/.local/bin/ninja cmTC_b2beb && [1/2] Building CXX object CMakeFiles/cmTC_b2beb.dir/CMakeCXXCompilerABI.cpp.obj
Using built-in specs.
COLLECT_GCC=/home/muthuselvan/.espressif/tools/xtensa-esp-elf/esp-15.2.0_20250929/xtensa-esp-elf/bin/xtensa-esp-elf-g++
Target: xtensa-esp-elf
Configured with: /builds/idf/crosstool-NG/.build/xtensa-esp-elf/src/gcc/configure --build=x86_64-build_pc-linux-gnu --host=x86_64-build_pc-linux-gnu --target=xtensa-esp-elf --prefix=/builds/idf/crosstool-NG/builds/xtensa-esp-elf --exec_prefix=/builds/idf/crosstool-NG/builds/xtensa-esp-elf --with-local-prefix=/builds/idf/crosstool-NG/builds/xtensa-esp-elf/xtensa-esp-elf --with-sysroot=/builds/idf/crosstool-NG/builds/xtensa-esp-elf/xtensa-esp-elf --with-native-system-header-dir=/include --with-headers=/builds/idf/crosstool-NG/builds/xtensa-esp-elf/xtensa-esp-elf/include --with-newlib --enable-threads=no --disable-shared --with-pkgversion='crosstool-NG esp-15.2.0_20250929' --disable-__cxa_atexit --enable-cxx-flags='-ffunction-sections -fdata-sections' --disable-libgomp --disable-libmudflap --disable-libmpx --disable-libssp --disable-libquadmath --disable-libquadmath-support --disable-libstdcxx-verbose --with-gmp=/builds/idf/crosstool-NG/.build/xtensa-esp-elf/buildtools --with-mpfr=/builds/idf/crosstool-NG/.build/xtensa-esp-elf/buildtools --with-mpc=/builds/idf/crosstool-NG/.build/xtensa-esp-elf/buildtools --with-isl=/builds/idf/crosstool-NG/.build/xtensa-esp-elf/buildtools --enable-lto --enable-target-optspace --without-long-double-128 --enable-plugin --disable-nls --enable-multiarch --enable-languages=c,c++ --disable-libstdcxx-verbose --enable-threads=posix --enable-libstdcxx-time=yes --disable-win32-utf8-manifest
Thread model: posix
Supported LTO compression algorithms: zlib zstd
gcc version 15.2.0 (crosstool-NG esp-15.2.0_20250929) 
COLLECT_GCC_OPTIONS='-mdynconfig=xtensa_esp32s3.so' '-v' '-o' 'CMakeFiles/cmTC_b2beb.dir/CMakeCXXCompilerABI.cpp.obj' '-c' '-dumpdir' 'CMakeFiles/cmTC_b2beb.dir/'
 /home/muthuselvan/.espressif/tools/xtensa-esp-elf/esp-15.2.0_20250929/xtensa-esp-elf/bin/../libexec/gcc/xtensa-esp-elf/15.2.0/cc1plus -quiet -v -imultilib esp32s3 -iprefix /home/muthuselvan/.espressif/tools/xtensa-esp-elf/esp-15.2.0_20250929/xtensa-esp-elf/bin/../lib/gcc/xtensa-esp-elf/15.2.0/ -isysroot /home/muthuselvan/.espressif/tools/xtensa-esp-elf/esp-15.2.0_20250929/xtensa-esp-elf/bin/../xtensa-esp-elf /usr/share/cmake-3.22/Modules/CMakeCXXCompilerABI.cpp -quiet -dumpdir CMakeFiles/cmTC_b2beb.dir/ -dumpbase CMakeCXXCompilerABI.cpp.cpp -dumpbase-ext .cpp -mdynconfig=xtensa_esp32s3.so -version -o /tmp/ccXiZe2X.s
GNU C++17 (crosstool-NG esp-15.2.0_20250929) version 15.2.0 (xtensa-esp-elf)
	compiled by GNU C version 6.3.0, GMP version 6.3.0, MPFR version 4.2.1, MPC version 1.3.1, isl version isl-0.26-GMP

GGC heuristics: --param ggc-min-expand=100 --param ggc-min-heapsize=131072
ignoring duplicate directory "/home/muthuselvan/.espressif/tools/xtensa-esp-elf/esp-15.2.0_20250929/xtensa-esp-elf/bin/../lib/gcc/../../lib/gcc/xtensa-esp-elf/15.2.0/../../../../xtensa-esp-elf/include/c++/15.2.0"
ignoring duplicate directory "/home/muthuselvan/.espressif/tools/xtensa-esp-elf/esp-15.2.0_20250929/xtensa-esp-elf/bin/../lib/gcc/../../lib/gcc/xtensa-esp-elf/15.2.0/../../../../xtensa-esp-elf/include/c++/15.2.0/xtensa-esp-elf/esp32s3"
ignoring duplicate directory "/home/muthuselvan/.espressif/tools/xtensa-esp-elf/esp-15.2.0_20250929/xtensa-esp-elf/bin/../lib/gcc/../../lib/gcc/xtensa-esp-elf/15.2.0/../../../../xtensa-esp-elf/include/c++/15.2.0/backward"
ignoring duplicate directory "/home/muthuselvan/.espressif/tools/xtensa-esp-elf/esp-15.2.0_20250929/xtensa-esp-elf/bin/../lib/gcc/../../lib/gcc/xtensa-esp-elf/15.2.0/include"
ignoring nonexistent directory "/home/muthuselvan/.espressif/tools/xtensa-esp-elf/esp-15.2.0_20250929/xtensa-esp-elf/bin/../xtensa-esp-elf/builds/idf/crosstool-NG/builds/xtensa-esp-elf/xtensa-esp-elf/include"
ignoring duplicate directory "/home/muthuselvan/.espressif/tools/xtensa-esp-elf/esp-15.2.0_20250929/xtensa-esp-elf/bin/../lib/gcc/../../lib/gcc/xtensa-esp-elf/15.2.0/include-fixed"
ignoring duplicate directory "/home/muthuselvan/.espressif/tools/xtensa-esp-elf/esp-15.2.0_20250929/xtensa-esp-elf/bin/../lib/gcc/../../lib/gcc/xtensa-esp-elf/15.2.0/../../../../xtensa-esp-elf/include"
ignoring duplicate directory "/home/muthuselvan/.espressif/tools/xtensa-esp-elf/esp-15.2.0_20250929/xtensa-esp-elf/bin/../xtensa-esp-elf/include"
#include "..." search starts here:
#include <...> search starts here:
 /home/muthuselvan/.espressif/tools/xtensa-esp-elf/esp-15.2.0_20250929/xtensa-esp-elf/bin/../lib/gcc/xtensa-esp-elf/15.2.0/../../../../xtensa-esp-elf/include/c++/15.2.0
 /home/muthuselvan/.espressif/tools/xtensa-esp-elf/esp-15.2.0_20250929/xtensa-esp-elf/bin/../lib/gcc/xtensa-esp-elf/15.2.0/../../../../xtensa-esp-elf/include/c++/15.2.0/xtensa-esp-elf/esp32s3
 /home/muthuselvan/.espressif/tools/xtensa-esp-elf/esp-15.2.0_20250929/xtensa-esp-elf/bin/../lib/gcc/xtensa-esp-elf/15.2.0/../../../../xtensa-esp-elf/include/c++/15.2.0/backward
 /home/muthuselvan/.espressif/tools/xtensa-esp-elf/esp-15.2.0_20250929/xtensa-esp-elf/bin/../lib/gcc/xtensa-esp-elf/15.2.0/include
 /home/muthuselvan/.espressif/tools/xtensa-esp-elf/esp-15.2.0_20250929/xtensa-esp-elf/bin/../lib/gcc/xtensa-esp-elf/15.2.0/include-fixed
 /home/muthuselvan/.espressif/tools/xtensa-esp-elf/esp-15.2.0_20250929/xtensa-esp-elf/bin/../lib/gcc/xtensa-esp-elf/15.2.0/../../../../xtensa-esp-elf/include
End of search list.
Compiler executable checksum: 9c69ddd490455fb66ab99244320ba10f
COLLECT_GCC_OPTIONS='-mdynconfig=xtensa_esp32s3.so' '-v' '-o' 'CMakeFiles/cmTC_b2beb.dir/CMakeCXXCompilerABI.cpp.obj' '-c' '-dumpdir' 'CMakeFiles/cmTC_b2beb.dir/'
 /home/muthuselvan/.espressif/tools/xtensa-esp-elf/esp-15.2.0_20250929/xtensa-esp-elf/bin/../lib/gcc/xtensa-esp-elf/15.2.0/../../../../xtensa-esp-elf/bin/as --traditional-format --dynconfig=xtensa_esp32s3.so -o CMakeFiles/cmTC_b2beb.dir/CMakeCXXCompilerABI.cpp.obj /tmp/ccXiZe2X.s
COMPILER_PATH=/home/muthuselvan/.espressif/tools/xtensa-esp-elf/esp-15.2.0_20250929/xtensa-esp-elf/bin/../libexec/gcc/xtensa-esp-elf/15.2.0/:/home/muthuselvan/.espressif/tools/xtensa-esp-elf/esp-15.2.0_20250929/xtensa-esp-elf/bin/../libexec/gcc/:/home/muthuselvan/.espressif/tools/xtensa-esp-elf/esp-15.2.0_20250929/xtensa-esp-elf/bin/../lib/gcc/xtensa-esp-elf/15.2.0/../../../../xtensa-esp-elf/bin/
LIBRARY_PATH=/home/muthuselvan/.espressif/tools/xtensa-esp-elf/esp-15.2.0_20250929/xtensa-esp-elf/bin/../lib/gcc/xtensa-esp-elf/15.2.0/esp32s3/:/home/muthuselvan/.espressif/tools/xtensa-esp-elf/esp-15.2.0_20250929/xtensa-esp-elf/bin/../lib/gcc/xtensa-esp-elf/15.2.0/../../../../xtensa-esp-elf/lib/esp32s3/:/home/muthuselvan/.espressif/tools/xtensa-esp-elf/esp-15.2.0_20250929/xtensa-esp-elf/bin/../xtensa-esp-elf/lib/esp32s3/:/home/muthuselvan/.espressif/tools/xtensa-esp-elf/esp-15.2.0_20250929/xtensa-esp-elf/bin/../lib/gcc/xtensa-esp-elf/15.2.0/:/home/muthuselvan/.espressif/tools/xtensa-esp-elf/esp-15.2.0_20250929/xtensa-esp-elf/bin/../lib/gcc/:/home/muthuselvan/.espressif/tools/xtensa-esp-elf/esp-15.2.0_20250929/xtensa-esp-elf/bin/../lib/gcc/xtensa-esp-elf/15.2.0/../../../../xtensa-esp-elf/lib/:/home/muthuselvan/.espressif/tools/xtensa-esp-elf/esp-15.2.0_20250929/xtensa-esp-elf/bin/../xtensa-esp-elf/lib/:/home/muthuselvan/.espressif/tools/xtensa-esp-elf/esp-15.2.0_20250929/xtensa-esp-elf/bin/../xtensa-esp-elf/usr/lib/
COLLECT_GCC_OPTIONS='-mdynconfig=xtensa_esp32s3.so' '-v' '-o' 'CMakeFiles/cmTC_b2beb.dir/CMakeCXXCompilerABI.cpp.obj' '-c' '-dumpdir' 'CMakeFiles/cmTC_b2beb.dir/CMakeCXXCompilerABI.cpp.'
[2/2] Linking CXX executable cmTC_b2beb
Using built-in specs.
COLLECT_GCC=/home/muthuselvan/.espressif/tools/xtensa-esp-elf/esp-15.2.0_20250929/xtensa-esp-elf/bin/xtensa-esp-elf-g++
COLLECT_LTO_WRAPPER=/home/muthuselvan/.espressif/tools/xtensa-esp-elf/esp-15.2.0_20250929/xtensa-esp-elf/bin/../libexec/gcc/xtensa-esp-elf/15.2.0/lto-wrapper
Target: xtensa-esp-elf
Configured with: /builds/idf/crosstool-NG/.build/xtensa-esp-elf/src/gcc/configure --build=x86_64-build_pc-linux-gnu --host=x86_64-build_pc-linux-gnu --target=xtensa-esp-elf --prefix=/builds/idf/crosstool-NG/builds/xtensa-esp-elf --exec_prefix=/builds/idf/crosstool-NG/builds/xtensa-esp-elf --with-local-prefix=/builds/idf/crosstool-NG/builds/xtensa-esp-elf/xtensa-esp-elf --with-sysroot=/builds/idf/crosstool-NG/builds/xtensa-esp-elf/xtensa-esp-elf --with-native-system-header-dir=/include --with-headers=/builds/idf/crosstool-NG/builds/xtensa-esp-elf/xtensa-esp-elf/include --with-newlib --enable-threads=no --disable-shared --with-pkgversion='crosstool-NG esp-15.2.0_20250929' --disable-__cxa_atexit --enable-cxx-flags='-ffunction-sections -fdata-sections' --disable-libgomp --disable-libmudflap --disable-libmpx --disable-libssp --disable-libquadmath --disable-libquadmath-support --disable-libstdcxx-verbose --with-gmp=/builds/idf/crosstool-NG/.build/xtensa-esp-elf/buildtools --with-mpfr=/builds/idf/crosstool-NG/.build/xtensa-esp-elf/buildtools --with-mpc=/builds/idf/crosstool-NG/.build/xtensa-esp-elf/buildtools --with-isl=/builds/idf/crosstool-NG/.build/xtensa-esp-elf/buildtools --enable-lto --enable-target-optspace --without-long-double-128 --enable-plugin --disable-nls --enable-multiarch --enable-languages=c,c++ --disable-libstdcxx-verbose --enable-threads=posix --enable-libstdcxx-time=yes --disable-win32-utf8-manifest
Thread model: posix
Supported LTO compression algorithms: zlib zstd
gcc version 15.2.0 (crosstool-NG esp-15.2.0_20250929) 
COMPILER_PATH=/home/muthuselvan/.espressif/tools/xtensa-esp-elf/esp-15.2.0_20250929/xtensa-esp-elf/bin/../libexec/gcc/xtensa-esp-elf/15.2.0/:/home/muthuselvan/.espressif/tools/xtensa-esp-elf/esp-15.2.0_20250929/xtensa-esp-elf/bin/../libexec/gcc/:/home/muthuselvan/.espressif/tools/xtensa-esp-elf/esp-15.2.0_20250929/xtensa-esp-elf/bin/../lib/gcc/xtensa-esp-elf/15.2.0/../../../../xtensa-esp-elf/bin/
LIBRARY_PATH=/home/muthuselvan/.espressif/tools/xtensa-esp-elf/esp-15.2.0_20250929/xtensa-esp-elf/bin/../lib/gcc/xtensa-esp-elf/15.2.0/esp32s3/:/home/muthuselvan/.espressif/tools/xtensa-esp-elf/esp-15.2.0_20250929/xtensa-esp-elf/bin/../lib/gcc/xtensa-esp-elf/15.2.0/../../../../xtensa-esp-elf/lib/esp32s3/:/home/muthuselvan/.espressif/tools/xtensa-esp-elf/esp-15.2.0_20250929/xtensa-esp-elf/bin/../xtensa-esp-elf/lib/esp32s3/:/home/muthuselvan/.espressif/tools/xtensa-esp-elf/esp-15.2.0_20250929/xtensa-esp-elf/bin/../lib/gcc/xtensa-esp-elf/15.2.0/:/home/muthuselvan/.espressif/tools/xtensa-esp-elf/esp-15.2.0_20250929/xtensa-esp-elf/bin/../lib/gcc/:/home/muthuselvan/.espressif/tools/xtensa-esp-elf/esp-15.2.0_20250929/xtensa-esp-elf/bin/../lib/gcc/xtensa-esp-elf/15.2.0/../../../../xtensa-esp-elf/lib/:/home/muthuselvan/.espressif/tools/xtensa-esp-elf/esp-15.2.0_20250929/xtensa-esp-elf/bin/../xtensa-esp-elf/lib/:/home/muthuselvan/.espressif/tools/xtensa-esp-elf/esp-15.2.0_20250929/xtensa-esp-elf/bin/../xtensa-esp-elf/usr/lib/
COLLECT_GCC_OPTIONS='-mdynconfig=xtensa_esp32s3.so' '-v' '-o' 'cmTC_b2beb' '-dumpdir' 'cmTC_b2beb.'
 /home/muthuselvan/.espressif/tools/xtensa-esp-elf/esp-15.2.0_20250929/xtensa-esp-elf/bin/../libexec/gcc/xtensa-esp-elf/15.2.0/collect2 -plugin /home/muthuselvan/.espressif/tools/xtensa-esp-elf/esp-15.2.0_20250929/xtensa-esp-elf/bin/../libexec/gcc/xtensa-esp-elf/15.2.0/liblto_plugin.so -plugin-opt=/home/muthuselvan/.espressif/tools/xtensa-esp-elf/esp-15.2.0_20250929/xtensa-esp-elf/bin/../libexec/gcc/xtensa-esp-elf/15.2.0/lto-wrapper -plugin-opt=-fresolution=/tmp/ccRZxd0e.res -plugin-opt=-pass-through=-lgcc -plugin-opt=-pass-through=-lc -plugin-opt=-pass-through=-lnosys -plugin-opt=-pass-through=-lc -plugin-opt=-pass-through=-lgcc --sysroot=/home/muthuselvan/.espressif/tools/xtensa-esp-elf/esp-15.2.0_20250929/xtensa-esp-elf/bin/../xtensa-esp-elf --dynconfig=xtensa_esp32s3.so -o cmTC_b2beb /home/muthuselvan/.espressif/tools/xtensa-esp-elf/esp-15.2.0_20250929/xtensa-esp-elf/bin/../lib/gcc/xtensa-esp-elf/15.2.0/../../../../xtensa-esp-elf/lib/esp32s3/crt0.o /home/muthuselvan/.espressif/tools/xtensa-esp-elf/esp-15.2.0_20250929/xtensa-esp-elf/bin/../lib/gcc/xtensa-esp-elf/15.2.0/esp32s3/crti.o /home/muthuselvan/.espressif/tools/xtensa-esp-elf/esp-15.2.0_20250929/xtensa-esp-elf/bin/../lib/gcc/xtensa-esp-elf/15.2.0/esp32s3/crtbegin.o -L/home/muthuselvan/.espressif/tools/xtensa-esp-elf/esp-15.2.0_20250929/xtensa-esp-elf/bin/../lib/gcc/xtensa-esp-elf/15.2.0/esp32s3 -L/home/muthuselvan/.espressif/tools/xtensa-esp-elf/esp-15.2.0_20250929/xtensa-esp-elf/bin/../lib/gcc/xtensa-esp-elf/15.2.0/../../../../xtensa-esp-elf/lib/esp32s3 -L/home/muthuselvan/.espressif/tools/xtensa-esp-elf/esp-15.2.0_20250929/xtensa-esp-elf/bin/../xtensa-esp-elf/lib/esp32s3 -L/home/muthuselvan/.espressif/tools/xtensa-esp-elf/esp-15.2.0_20250929/xtensa-esp-elf/bin/../lib/gcc/xtensa-esp-elf/15.2.0 -L/home/muthuselvan/.espressif/tools/xtensa-esp-elf/esp-15.2.0_20250929/xtensa-esp-elf/bin/../lib/gcc -L/home/muthuselvan/.espressif/tools/xtensa-esp-elf/esp-15.2.0_20250929/xtensa-esp-elf/bin/../lib/gcc/xtensa-esp-elf/15.2.0/../../../../xtensa-esp-elf/lib -L/home/muthuselvan/.espressif/tools/xtensa-esp-elf/esp-15.2.0_20250929/xtensa-esp-elf/bin/../xtensa-esp-elf/lib -L/home/muthuselvan/.espressif/tools/xtensa-esp-elf/esp-15.2.0_20250929/xtensa-esp-elf/bin/../xtensa-esp-elf/usr/lib @/tmp/ccM1evrH -lgcc -lc -lnosys -lc -lgcc /home/muthuselvan/.espressif/tools/xtensa-esp-elf/esp-15.2.0_20250929/xtensa-esp-elf/bin/../lib/gcc/xtensa-esp-elf/15.2.0/esp32s3/crtend.o /home/muthuselvan/.espressif/tools/xtensa-esp-elf/esp-15.2.0_20250929/xtensa-esp-elf/bin/../lib/gcc/xtensa-esp-elf/15.2.0/esp32s3/crtn.o
COLLECT_GCC_OPTIONS='-mdynconfig=xtensa_esp32s3.so' '-v' '-o' 'cmTC_b2beb' '-dumpdir' 'cmTC_b2beb.'



Parsed CXX implicit include dir info from above output: rv=done
  found start of include info
  found start of implicit include info
    add: [/home/muthuselvan/.espressif/tools/xtensa-esp-elf/esp-15.2.0_20250929/xtensa-esp-elf/bin/../lib/gcc/xtensa-esp-elf/15.2.0/../../../../xtensa-esp-elf/include/c++/15.2.0]
    add: [/home/muthuselvan/.espressif/tools/xtensa-esp-elf/esp-15.2.0_20250929/xtensa-esp-elf/bin/../lib/gcc/xtensa-esp-elf/15.2.0/../../../../xtensa-esp-elf/include/c++/15.2.0/xtensa-esp-elf/esp32s3]
    add: [/home/muthuselvan/.espressif/tools/xtensa-esp-elf/esp-15.2.0_20250929/xtensa-esp-elf/bin/../lib/gcc/xtensa-esp-elf/15.2.0/../../../../xtensa-esp-elf/include/c++/15.2.0/backward]
    add: [/home/muthuselvan/.espressif/tools/xtensa-esp-elf/esp-15.2.0_20250929/xtensa-esp-elf/bin/../lib/gcc/xtensa-esp-elf/15.2.0/include]
    add: [/home/muthuselvan/.espressif/tools/xtensa-esp-elf/esp-15.2.0_20250929/xtensa-esp-elf/bin/../lib/gcc/xtensa-esp-elf/15.2.0/include-fixed]
    add: [/home/muthuselvan/.espressif/tools/xtensa-esp-elf/esp-15.2.0_20250929/xtensa-esp-elf/bin/../lib/gcc/xtensa-esp-elf/15.2.0/../../../../xtensa-esp-elf/include]
  end of search list found
  collapse include dir [/home/muthuselvan/.espressif/tools/xtensa-esp-elf/esp-15.2.0_20250929/xtensa-esp-elf/bin/../lib/gcc/xtensa-esp-elf/15.2.0/../../../../xtensa-esp-elf/include/c++/15.2.0] ==> [/home/muthuselvan/.espressif/tools/xtensa-esp-elf/esp-15.2.0_20250929/xtensa-esp-elf/xtensa-esp-elf/include/c++/15.2.0]
  collapse include dir [/home/muthuselvan/.espressif/tools/xtensa-esp-elf/esp-15.2.0_20250929/xtensa-esp-elf/bin/../lib/gcc/xtensa-esp-elf/15.2.0/../../../../xtensa-esp-elf/include/c++/15.2.0/xtensa-esp-elf/esp32s3] ==> [/home/muthuselvan/.espressif/tools/xtensa-esp-elf/esp-15.2.0_20250929/xtensa-esp-elf/xtensa-esp-elf/include/c++/15.2.0/xtensa-esp-elf/esp32s3]
  collapse include dir [/home/muthuselvan/.espressif/tools/xtensa-esp-elf/esp-15.2.0_20250929/xtensa-esp-elf/bin/../lib/gcc/xtensa-esp-elf/15.2.0/../../../../xtensa-esp-elf/include/c++/15.2.0/backward] ==> [/home/muthuselvan/.espressif/tools/xtensa-esp-elf/esp-15.2.0_20250929/xtensa-esp-elf/xtensa-esp-elf/include/c++/15.2.0/backward]
  collapse include dir [/home/muthuselvan/.espressif/tools/xtensa-esp-elf/esp-15.2.0_20250929/xtensa-esp-elf/bin/../lib/gcc/xtensa-esp-elf/15.2.0/include] ==> [/home/muthuselvan/.espressif/tools/xtensa-esp-elf/esp-15.2.0_20250929/xtensa-esp-elf/lib/gcc/xtensa-esp-elf/15.2.0/include]
  collapse include dir [/home/muthuselvan/.espressif/tools/xtensa-esp-elf/esp-15.2.0_20250929/xtensa-esp-elf/bin/../lib/gcc/xtensa-esp-elf/15.2.0/include-fixed] ==> [/home/muthuselvan/.espressif/tools/xtensa-esp-elf/esp-15.2.0_20250929/xtensa-esp-elf/lib/gcc/xtensa-esp-elf/15.2.0/include-fixed]
  collapse include dir [/home/muthuselvan/.espressif/tools/xtensa-esp-elf/esp-15.2.0_20250929/xtensa-esp-elf/bin/../lib/gcc/xtensa-esp-elf/15.2.0/../../../../xtensa-esp-elf/include] ==> [/home/muthuselvan/.espressif/tools/xtensa-esp-elf/esp-15.2.0_20250929/xtensa-esp-elf/xtensa-esp-elf/include]
  implicit include dirs: [/home/muthuselvan/.espressif/tools/xtensa-esp-elf/esp-15.2.0_20250929/xtensa-esp-elf/xtensa-esp-elf/include/c++/15.2.0;/home/muthuselvan/.espressif/tools/xtensa-esp-elf/esp-15.2.0_20250929/xtensa-esp-elf/xtensa-esp-elf/include/c++/15.2.0/xtensa-esp-elf/esp32s3;/home/muthuselvan/.espressif/tools/xtensa-esp-elf/esp-15.2.0_20250929/xtensa-esp-elf/xtensa-esp-elf/include/c++/15.2.0/backward;/home/muthuselvan/.espressif/tools/xtensa-esp-elf/esp-15.2.0_20250929/xtensa-esp-elf/lib/gcc/xtensa-esp-elf/15.2.0/include;/home/muthuselvan/.espressif/tools/xtensa-esp-elf/esp-15.2.0_20250929/xtensa-esp-elf/lib/gcc/xtensa-esp-elf/15.2.0/include-fixed;/home/muthuselvan/.espressif/tools/xtensa-esp-elf/esp-15.2.0_20250929/xtensa-esp-elf/xtensa-esp-elf/include]


Parsed CXX implicit link information from above output:
  link line regex: [^( *|.*[/\])(xtensa-esp32s3-elf-ld|CMAKE_LINK_STARTFILE-NOTFOUND|([^/\]+-)?ld|collect2)[^/\]*( |$)]
  ignore line: [Change Dir: /home/muthuselvan/esp/build/CMakeFiles/CMakeTmp]
  ignore line: []
  ignore line: [Run Build Command(s):/home/muthuselvan/.local/bin/ninja cmTC_b2beb && [1/2] Building CXX object CMakeFiles/cmTC_b2beb.dir/CMakeCXXCompilerABI.cpp.obj]
  ignore line: [Using built-in specs.]
  ignore line: [COLLECT_GCC=/home/muthuselvan/.espressif/tools/xtensa-esp-elf/esp-15.2.0_20250929/xtensa-esp-elf/bin/xtensa-esp-elf-g++]
  ignore line: [Target: xtensa-esp-elf]
  ignore line: [Configured with: /builds/idf/crosstool-NG/.build/xtensa-esp-elf/src/gcc/configure --build=x86_64-build_pc-linux-gnu --host=x86_64-build_pc-linux-gnu --target=xtensa-esp-elf --prefix=/builds/idf/crosstool-NG/builds/xtensa-esp-elf --exec_prefix=/builds/idf/crosstool-NG/builds/xtensa-esp-elf --with-local-prefix=/builds/idf/crosstool-NG/builds/xtensa-esp-elf/xtensa-esp-elf --with-sysroot=/builds/idf/crosstool-NG/builds/xtensa-esp-elf/xtensa-esp-elf --with-native-system-header-dir=/include --with-headers=/builds/idf/crosstool-NG/builds/xtensa-esp-elf/xtensa-esp-elf/include --with-newlib --enable-threads=no --disable-shared --with-pkgversion='crosstool-NG esp-15.2.0_20250929' --disable-__cxa_atexit --enable-cxx-flags='-ffunction-sections -fdata-sections' --disable-libgomp --disable-libmudflap --disable-libmpx --disable-libssp --disable-libquadmath --disable-libquadmath-support --disable-libstdcxx-verbose --with-gmp=/builds/idf/crosstool-NG/.build/xtensa-esp-elf/buildtools --with-mpfr=/builds/idf/crosstool-NG/.build/xtensa-esp-elf/buildtools --with-mpc=/builds/idf/crosstool-NG/.build/xtensa-esp-elf/buildtools --with-isl=/builds/idf/crosstool-NG/.build/xtensa-esp-elf/buildtools --enable-lto --enable-target-optspace --without-long-double-128 --enable-plugin --disable-nls --enable-multiarch --enable-languages=c c++ --disable-libstdcxx-verbose --enable-threads=posix --enable-libstdcxx-time=yes --disable-win32-utf8-manifest]
  ignore line: [Thread model: posix]
  ignore line: [Supported LTO compression algorithms: zlib zstd]
  ignore line: [gcc version 15.2.0 (crosstool-NG esp-15.2.0_20250929) ]
  ignore line: [COLLECT_GCC_OPTIONS='-mdynconfig=xtensa_esp32s3.so' '-v' '-o' 'CMakeFiles/cmTC_b2beb.dir/CMakeCXXCompilerABI.cpp.obj' '-c' '-dumpdir' 'CMakeFiles/cmTC_b2beb.dir/']
  ignore line: [ /home/muthuselvan/.espressif/tools/xtensa-esp-elf/esp-15.2.0_20250929/xtensa-esp-elf/bin/../libexec/gcc/xtensa-esp-elf/15.2.0/cc1plus -quiet -v -imultilib esp32s3 -iprefix /home/muthuselvan/.espressif/tools/xtensa-esp-elf/esp-15.2.0_20250929/xtensa-esp-elf/bin/../lib/gcc/xtensa-esp-elf/15.2.0/ -isysroot /home/muthuselvan/.espressif/tools/xtensa-esp-elf/esp-15.2.0_20250929/xtensa-esp-elf/bin/../xtensa-esp-elf /usr/share/cmake-3.22/Modules/CMakeCXXCompilerABI.cpp -quiet -dumpdir CMakeFiles/cmTC_b2beb.dir/ -dumpbase CMakeCXXCompilerABI.cpp.cpp -dumpbase-ext .cpp -mdynconfig=xtensa_esp32s3.so -version -o /tmp/ccXiZe2X.s]
  ignore line: [GNU C++17 (crosstool-NG esp-15.2.0_20250929) version 15.2.0 (xtensa-esp-elf)]
  ignore line: [	compiled by GNU C version 6.3.0  GMP version 6.3.0  MPFR version 4.2.1  MPC version 1.3.1  isl version isl-0.26-GMP]
  ignore line: []
  ignore line: [GGC heuristics: --param ggc-min-expand=100 --param ggc-min-heapsize=131072]
  ignore line: [ignoring duplicate directory "/home/muthuselvan/.espressif/tools/xtensa-esp-elf/esp-15.2.0_20250929/xtensa-esp-elf/bin/../lib/gcc/../../lib/gcc/xtensa-esp-elf/15.2.0/../../../../xtensa-esp-elf/include/c++/15.2.0"]
  ignore line: [ignoring duplicate directory "/home/muthuselvan/.espressif/tools/xtensa-esp-elf/esp-15.2.0_20250929/xtensa-esp-elf/bin/../lib/gcc/../../lib/gcc/xtensa-esp-elf/15.2.0/../../../../xtensa-esp-elf/include/c++/15.2.0/xtensa-esp-elf/esp32s3"]
  ignore line: [ignoring duplicate directory "/home/muthuselvan/.espressif/tools/xtensa-esp-elf/esp-15.2.0_20250929/xtensa-esp-elf/bin/../lib/gcc/../../lib/gcc/xtensa-esp-elf/15.2.0/../../../../xtensa-esp-elf/include/c++/15.2.0/backward"]
  ignore line: [ignoring duplicate directory "/home/muthuselvan/.espressif/tools/xtensa-esp-elf/esp-15.2.0_20250929/xtensa-esp-elf/bin/../lib/gcc/../../lib/gcc/xtensa-esp-elf/15.2.0/include"]
  ignore line: [ignoring nonexistent directory "/home/muthuselvan/.espressif/tools/xtensa-esp-elf/esp-15.2.0_20250929/xtensa-esp-elf/bin/../xtensa-esp-elf/builds/idf/crosstool-NG/builds/xtensa-esp-elf/xtensa-esp-elf/include"]
  ignore line: [ignoring duplicate directory "/home/muthuselvan/.espressif/tools/xtensa-esp-elf/esp-15.2.0_20250929/xtensa-esp-elf/bin/../lib/gcc/../../lib/gcc/xtensa-esp-elf/15.2.0/include-fixed"]
  ignore line: [ignoring duplicate directory "/home/muthuselvan/.espressif/tools/xtensa-esp-elf/esp-15.2.0_20250929/xtensa-esp-elf/bin/../lib/gcc/../../lib/gcc/xtensa-esp-elf/15.2.0/../../../../xtensa-esp-elf/include"]
  ignore line: [ignoring duplicate directory "/home/muthuselvan/.espressif/tools/xtensa-esp-elf/esp-15.2.0_20250929/xtensa-esp-elf/bin/../xtensa-esp-elf/include"]
  ignore line: [#include "..." search starts here:]
  ignore line: [#include <...> search starts here:]
  ignore line: [ /home/muthuselvan/.espressif/tools/xtensa-esp-elf/esp-15.2.0_20250929/xtensa-esp-elf/bin/../lib/gcc/xtensa-esp-elf/15.2.0/../../../../xtensa-esp-elf/include/c++/15.2.0]
  ignore line: [ /home/muthuselvan/.espressif/tools/xtensa-esp-elf/esp-15.2.0_20250929/xtensa-esp-elf/bin/../lib/gcc/xtensa-esp-elf/15.2.0/../../../../xtensa-esp-elf/include/c++/15.2.0/xtensa-esp-elf/esp32s3]
  ignore line: [ /home/muthuselvan/.espressif/tools/xtensa-esp-elf/esp-15.2.0_20250929/xtensa-esp-elf/bin/../lib/gcc/xtensa-esp-elf/15.2.0/../../../../xtensa-esp-elf/include/c++/15.2.0/backward]
  ignore line: [ /home/muthuselvan/.espressif/tools/xtensa-esp-elf/esp-15.2.0_20250929/xtensa-esp-elf/bin/../lib/gcc/xtensa-esp-elf/15.2.0/include]
  ignore line: [ /home/muthuselvan/.espressif/tools/xtensa-esp-elf/esp-15.2.0_20250929/xtensa-esp-elf/bin/../lib/gcc/xtensa-esp-elf/15.2.0/include-fixed]
  ignore line: [ /home/muthuselvan/.espressif/tools/xtensa-esp-elf/esp-15.2.0_20250929/xtensa-esp-elf/bin/../lib/gcc/xtensa-esp-elf/15.2.0/../../../../xtensa-esp-elf/include]
  ignore line: [End of search list.]
  ignore line: [Compiler executable checksum: 9c69ddd490455fb66ab99244320ba10f]
  ignore line: [COLLECT_GCC_OPTIONS='-mdynconfig=xtensa_esp32s3.so' '-v' '-o' 'CMakeFiles/cmTC_b2beb.dir/CMakeCXXCompilerABI.cpp.obj' '-c' '-dumpdir' 'CMakeFiles/cmTC_b2beb.dir/']
  ignore line: [ /home/muthuselvan/.espressif/tools/xtensa-esp-elf/esp-15.2.0_20250929/xtensa-esp-elf/bin/../lib/gcc/xtensa-esp-elf/15.2.0/../../../../xtensa-esp-elf/bin/as --traditional-format --dynconfig=xtensa_esp32s3.so -o CMakeFiles/cmTC_b2beb.dir/CMakeCXXCompilerABI.cpp.obj /tmp/ccXiZe2X.s]
  ignore line: [COMPILER_PATH=/home/muthuselvan/.espressif/tools/xtensa-esp-elf/esp-15.2.0_20250929/xtensa-esp-elf/bin/../libexec/gcc/xtensa-esp-elf/15.2.0/:/home/muthuselvan/.espressif/tools/xtensa-esp-elf/esp-15.2.0_20250929/xtensa-esp-elf/bin/../libexec/gcc/:/home/muthuselvan/.espressif/tools/xtensa-esp-elf/esp-15.2.0_20250929/xtensa-esp-elf/bin/../lib/gcc/xtensa-esp-elf/15.2.0/../../../../xtensa-esp-elf/bin/]
  ignore line: [LIBRARY_PATH=/home/muthuselvan/.espressif/tools/xtensa-esp-elf/esp-15.2.0_20250929/xtensa-esp-elf/bin/../lib/gcc/xtensa-esp-elf/15.2.0/esp32s3/:/home/muthuselvan/.espressif/tools/xtensa-esp-elf/esp-15.2.0_20250929/xtensa-esp-elf/bin/../lib/gcc/xtensa-esp-elf/15.2.0/../../../../xtensa-esp-elf/lib/esp32s3/:/home/muthuselvan/.espressif/tools/xtensa-esp-elf/esp-15.2.0_20250929/xtensa-esp-elf/bin/../xtensa-esp-elf/lib/esp32s3/:/home/muthuselvan/.espressif/tools/xtensa-esp-elf/esp-15.2.0_20250929/xtensa-esp-elf/bin/../lib/gcc/xtensa-esp-elf/15.2.0/:/home/muthuselvan/.espressif/tools/xtensa-esp-elf/esp-15.2.0_20250929/xtensa-esp-elf/bin/../lib/gcc/:/home/muthuselvan/.espressif/tools/xtensa-esp-elf/esp-15.2.0_20250929/xtensa-esp-elf/bin/../lib/gcc/xtensa-esp-elf/15.2.0/../../../../xtensa-esp-elf/lib/:/home/muthuselvan/.espressif/tools/xtensa-esp-elf/esp-15.2.0_20250929/xtensa-esp-elf/bin/../xtensa-esp-elf/lib/:/home/muthuselvan/.espressif/tools/xtensa-esp-elf/esp-15.2.0_20250929/xtensa-esp-elf/bin/../xtensa-esp-elf/usr/lib/]
  ignore line: [COLLECT_GCC_OPTIONS='-mdynconfig=xtensa_esp32s3.so' '-v' '-o' 'CMakeFiles/cmTC_b2beb.dir/CMakeCXXCompilerABI.cpp.obj' '-c' '-dumpdir' 'CMakeFiles/cmTC_b2beb.dir/CMakeCXXCompilerABI.cpp.']
  ignore line: [[2/2] Linking CXX executable cmTC_b2beb]
  ignore line: [Using built-in specs.]
  ignore line: [COLLECT_GCC=/home/muthuselvan/.espressif/tools/xtensa-esp-elf/esp-15.2.0_20250929/xtensa-esp-elf/bin/xtensa-esp-elf-g++]
  ignore line: [COLLECT_LTO_WRAPPER=/home/muthuselvan/.espressif/tools/xtensa-esp-elf/esp-15.2.0_20250929/xtensa-esp-elf/bin/../libexec/gcc/xtensa-esp-elf/15.2.0/lto-wrapper]
  ignore line: [Target: xtensa-esp-elf]
  ignore line: [Configured with: /builds/idf/crosstool-NG/.build/xtensa-esp-elf/src/gcc/configure --build=x86_64-build_pc-linux-gnu --host=x86_64-build_pc-linux-gnu --target=xtensa-esp-elf --prefix=/builds/idf/crosstool-NG/builds/xtensa-esp-elf --exec_prefix=/builds/idf/crosstool-NG/builds/xtensa-esp-elf --with-local-prefix=/builds/idf/crosstool-NG/builds/xtensa-esp-elf/xtensa-esp-elf --with-sysroot=/builds/idf/crosstool-NG/builds/xtensa-esp-elf/xtensa-esp-elf --with-native-system-header-dir=/include --with-headers=/builds/idf/crosstool-NG/builds/xtensa-esp-elf/xtensa-esp-elf/include --with-newlib --enable-threads=no --disable-shared --with-pkgversion='crosstool-NG esp-15.2.0_20250929' --disable-__cxa_atexit --enable-cxx-flags='-ffunction-sections -fdata-sections' --disable-libgomp --disable-libmudflap --disable-libmpx --disable-libssp --disable-libquadmath --disable-libquadmath-support --disable-libstdcxx-verbose --with-gmp=/builds/idf/crosstool-NG/.build/xtensa-esp-elf/buildtools --with-mpfr=/builds/idf/crosstool-NG/.build/xtensa-esp-elf/buildtools --with-mpc=/builds/idf/crosstool-NG/.build/xtensa-esp-elf/buildtools --with-isl=/builds/idf/crosstool-NG/.build/xtensa-esp-elf/buildtools --enable-lto --enable-target-optspace --without-long-double-128 --enable-plugin --disable-nls --enable-multiarch --enable-languages=c c++ --disable-libstdcxx-verbose --enable-threads=posix --enable-libstdcxx-time=yes --disable-win32-utf8-manifest]
  ignore line: [Thread model: posix]
  ignore line: [Supported LTO compression algorithms: zlib zstd]
  ignore line: [gcc version 15.2.0 (crosstool-NG esp-15.2.0_20250929) ]
  ignore line: [COMPILER_PATH=/home/muthuselvan/.espressif/tools/xtensa-esp-elf/esp-15.2.0_20250929/xtensa-esp-elf/bin/../libexec/gcc/xtensa-esp-elf/15.2.0/:/home/muthuselvan/.espressif/tools/xtensa-esp-elf/esp-15.2.0_20250929/xtensa-esp-elf/bin/../libexec/gcc/:/home/muthuselvan/.espressif/tools/xtensa-esp-elf/esp-15.2.0_20250929/xtensa-esp-elf/bin/../lib/gcc/xtensa-esp-elf/15.2.0/../../../../xtensa-esp-elf/bin/]
  ignore line: [LIBRARY_PATH=/home/muthuselvan/.espressif/tools/xtensa-esp-elf/esp-15.2.0_20250929/xtensa-esp-elf/bin/../lib/gcc/xtensa-esp-elf/15.2.0/esp32s3/:/home/muthuselvan/.espressif/tools/xtensa-esp-elf/esp-15.2.0_20250929/xtensa-esp-elf/bin/../lib/gcc/xtensa-esp-elf/15.2.0/../../../../xtensa-esp-elf/lib/esp32s3/:/home/muthuselvan/.espressif/tools/xtensa-esp-elf/esp-15.2.0_20250929/xtensa-esp-elf/bin/../xtensa-esp-elf/lib/esp32s3/:/home/muthuselvan/.espressif/tools/xtensa-esp-elf/esp-15.2.0_20250929/xtensa-esp-elf/bin/../lib/gcc/xtensa-esp-elf/15.2.0/:/home/muthuselvan/.espressif/tools/xtensa-esp-elf/esp-15.2.0_20250929/xtensa-esp-elf/bin/../lib/gcc/:/home/muthuselvan/.espressif/tools/xtensa-esp-elf/esp-15.2.0_20250929/xtensa-esp-elf/bin/../lib/gcc/xtensa-esp-elf/15.2.0/../../../../xtensa-esp-elf/lib/:/home/muthuselvan/.espressif/tools/xtensa-esp-elf/esp-15.2.0_20250929/xtensa-esp-elf/bin/../xtensa-esp-elf/lib/:/home/muthuselvan/.espressif/tools/xtensa-esp-elf/esp-15.2.0_20250929/xtensa-esp-elf/bin/../xtensa-esp-elf/usr/lib/]
  ignore line: [COLLECT_GCC_OPTIONS='-mdynconfig=xtensa_esp32s3.so' '-v' '-o' 'cmTC_b2beb' '-dumpdir' 'cmTC_b2beb.']
  link line: [ /home/muthuselvan/.espressif/tools/xtensa-esp-elf/esp-15.2.0_20250929/xtensa-esp-elf/bin/../libexec/gcc/xtensa-esp-elf/15.2.0/collect2 -plugin /home/muthuselvan/.espressif/tools/xtensa-esp-elf/esp-15.2.0_20250929/xtensa-esp-elf/bin/../libexec/gcc/xtensa-esp-elf/15.2.0/liblto_plugin.so -plugin-opt=/home/muthuselvan/.espressif/tools/xtensa-esp-elf/esp-15.2.0_20250929/xtensa-esp-elf/bin/../libexec/gcc/xtensa-esp-elf/15.2.0/lto-wrapper -plugin-opt=-fresolution=/tmp/ccRZxd0e.res -plugin-opt=-pass-through=-lgcc -plugin-opt=-pass-through=-lc -plugin-opt=-pass-through=-lnosys -plugin-opt=-pass-through=-lc -plugin-opt=-pass-through=-lgcc --sysroot=/home/muthuselvan/.espressif/tools/xtensa-esp-elf/esp-15.2.0_20250929/xtensa-esp-elf/bin/../xtensa-esp-elf --dynconfig=xtensa_esp32s3.so -o cmTC_b2beb /home/muthuselvan/.espressif/tools/xtensa-esp-elf/esp-15.2.0_20250929/xtensa-esp-elf/bin/../lib/gcc/xtensa-esp-elf/15.2.0/../../../../xtensa-esp-elf/lib/esp32s3/crt0.o /home/muthuselvan/.espressif/tools/xtensa-esp-elf/esp-15.2.0_20250929/xtensa-esp-elf/bin/../lib/gcc/xtensa-esp-elf/15.2.0/esp32s3/crti.o /home/muthuselvan/.espressif/tools/xtensa-esp-elf/esp-15.2.0_20250929/xtensa-esp-elf/bin/../lib/gcc/xtensa-esp-elf/15.2.0/esp32s3/crtbegin.o -L/home/muthuselvan/.espressif/tools/xtensa-esp-elf/esp-15.2.0_20250929/xtensa-esp-elf/bin/../lib/gcc/xtensa-esp-elf/15.2.0/esp32s3 -L/home/muthuselvan/.espressif/tools/xtensa-esp-elf/esp-15.2.0_20250929/xtensa-esp-elf/bin/../lib/gcc/xtensa-esp-elf/15.2.0/../../../../xtensa-esp-elf/lib/esp32s3 -L/home/muthuselvan/.espressif/tools/xtensa-esp-elf/esp-15.2.0_20250929/xtensa-esp-elf/bin/../xtensa-esp-elf/lib/esp32s3 -L/home/muthuselvan/.espressif/tools/xtensa-esp-elf/esp-15.2.0_20250929/xtensa-esp-elf/bin/../lib/gcc/xtensa-esp-elf/15.2.0 -L/home/muthuselvan/.espressif/tools/xtensa-esp-elf/esp-15.2.0_20250929/xtensa-esp-elf/bin/../lib/gcc -L/home/muthuselvan/.espressif/tools/xtensa-esp-elf/esp-15.2.0_20250929/xtensa-esp-elf/bin/../lib/gcc/xtensa-esp-elf/15.2.0/../../../../xtensa-esp-elf/lib -L/home/muthuselvan/.espressif/tools/xtensa-esp-elf/esp-15.2.0_20250929/xtensa-esp-elf/bin/../xtensa-esp-elf/lib -L/home/muthuselvan/.espressif/tools/xtensa-esp-elf/esp-15.2.0_20250929/xtensa-esp-elf/bin/../xtensa-esp-elf/usr/lib @/tmp/ccM1evrH -lgcc -lc -lnosys -lc -lgcc /home/muthuselvan/.espressif/tools/xtensa-esp-elf/esp-15.2.0_20250929/xtensa-esp-elf/bin/../lib/gcc/xtensa-esp-elf/15.2.0/esp32s3/crtend.o /home/muthuselvan/.espressif/tools/xtensa-esp-elf/esp-15.2.0_20250929/xtensa-esp-elf/bin/../lib/gcc/xtensa-esp-elf/15.2.0/esp32s3/crtn.o]
    arg [/home/muthuselvan/.espressif/tools/xtensa-esp-elf/esp-15.2.0_20250929/xtensa-esp-elf/bin/../libexec/gcc/xtensa-esp-elf/15.2.0/collect2] ==> ignore
    arg [-plugin] ==> ignore
    arg [/home/muthuselvan/.espressif/tools/xtensa-esp-elf/esp-15.2.0_20250929/xtensa-esp-elf/bin/../libexec/gcc/xtensa-esp-elf/15.2.0/liblto_plugin.so] ==> ignore
    arg [-plugin-opt=/home/muthuselvan/.espressif/tools/xtensa-esp-elf/esp-15.2.0_20250929/xtensa-esp-elf/bin/../libexec/gcc/xtensa-esp-elf/15.2.0/lto-wrapper] ==> ignore
    arg [-plugin-opt=-fresolution=/tmp/ccRZxd0e.res] ==> ignore
    arg [-plugin-opt=-pass-through=-lgcc] ==> ignore
    arg [-plugin-opt=-pass-through=-lc] ==> ignore
    arg [-plugin-opt=-pass-through=-lnosys] ==> ignore
    arg [-plugin-opt=-pass-through=-lc] ==> ignore
    arg [-plugin-opt=-pass-through=-lgcc] ==> ignore
    arg [--sysroot=/home/muthuselvan/.espressif/tools/xtensa-esp-elf/esp-15.2.0_20250929/xtensa-esp-elf/bin/../xtensa-esp-elf] ==> ignore
    arg [--dynconfig=xtensa_esp32s3.so] ==> ignore
    arg [-o] ==> ignore
    arg [cmTC_b2beb] ==> ignore
    arg [/home/muthuselvan/.espressif/tools/xtensa-esp-elf/esp-15.2.0_20250929/xtensa-esp-elf/bin/../lib/gcc/xtensa-esp-elf/15.2.0/../../../../xtensa-esp-elf/lib/esp32s3/crt0.o] ==> obj [/home/muthuselvan/.espressif/tools/xtensa-esp-elf/esp-15.2.0_20250929/xtensa-esp-elf/bin/../lib/gcc/xtensa-esp-elf/15.2.0/../../../../xtensa-esp-elf/lib/esp32s3/crt0.o]
    arg [/home/muthuselvan/.espressif/tools/xtensa-esp-elf/esp-15.2.0_20250929/xtensa-esp-elf/bin/../lib/gcc/xtensa-esp-elf/15.2.0/esp32s3/crti.o] ==> obj [/home/muthuselvan/.espressif/tools/xtensa-esp-elf/esp-15.2.0_20250929/xtensa-esp-elf/bin/../lib/gcc/xtensa-esp-elf/15.2.0/esp32s3/crti.o]
    arg [/home/muthuselvan/.espressif/tools/xtensa-esp-elf/esp-15.2.0_20250929/xtensa-esp-elf/bin/../lib/gcc/xtensa-esp-elf/15.2.0/esp32s3/crtbegin.o] ==> obj [/home/muthuselvan/.espressif/tools/xtensa-esp-elf/esp-15.2.0_20250929/xtensa-esp-elf/bin/../lib/gcc/xtensa-esp-elf/15.2.0/esp32s3/crtbegin.o]
    arg [-L/home/muthuselvan/.espressif/tools/xtensa-esp-elf/esp-15.2.0_20250929/xtensa-esp-elf/bin/../lib/gcc/xtensa-esp-elf/15.2.0/esp32s3] ==> dir [/home/muthuselvan/.espressif/tools/xtensa-esp-elf/esp-15.2.0_20250929/xtensa-esp-elf/bin/../lib/gcc/xtensa-esp-elf/15.2.0/esp32s3]
    arg [-L/home/muthuselvan/.espressif/tools/xtensa-esp-elf/esp-15.2.0_20250929/xtensa-esp-elf/bin/../lib/gcc/xtensa-esp-elf/15.2.0/../../../../xtensa-esp-elf/lib/esp32s3] ==> dir [/home/muthuselvan/.espressif/tools/xtensa-esp-elf/esp-15.2.0_20250929/xtensa-esp-elf/bin/../lib/gcc/xtensa-esp-elf/15.2.0/../../../../xtensa-esp-elf/lib/esp32s3]
    arg [-L/home/muthuselvan/.espressif/tools/xtensa-esp-elf/esp-15.2.0_20250929/xtensa-esp-elf/bin/../xtensa-esp-elf/lib/esp32s3] ==> dir [/home/muthuselvan/.espressif/tools/xtensa-esp-elf/esp-15.2.0_20250929/xtensa-esp-elf/bin/../xtensa-esp-elf/lib/esp32s3]
    arg [-L/home/muthuselvan/.espressif/tools/xtensa-esp-elf/esp-15.2.0_20250929/xtensa-esp-elf/bin/../lib/gcc/xtensa-esp-elf/15.2.0] ==> dir [/home/muthuselvan/.espressif/tools/xtensa-esp-elf/esp-15.2.0_20250929/xtensa-esp-elf/bin/../lib/gcc/xtensa-esp-elf/15.2.0]
    arg [-L/home/muthuselvan/.espressif/tools/xtensa-esp-elf/esp-15.2.0_20250929/xtensa-esp-elf/bin/../lib/gcc] ==> dir [/home/muthuselvan/.espressif/tools/xtensa-esp-elf/esp-15.2.0_20250929/xtensa-esp-elf/bin/../lib/gcc]
    arg [-L/home/muthuselvan/.espressif/tools/xtensa-esp-elf/esp-15.2.0_20250929/xtensa-esp-elf/bin/../lib/gcc/xtensa-esp-elf/15.2.0/../../../../xtensa-esp-elf/lib] ==> dir [/home/muthuselvan/.espressif/tools/xtensa-esp-elf/esp-15.2.0_20250929/xtensa-esp-elf/bin/../lib/gcc/xtensa-esp-elf/15.2.0/../../../../xtensa-esp-elf/lib]
    arg [-L/home/muthuselvan/.espressif/tools/xtensa-esp-elf/esp-15.2.0_20250929/xtensa-esp-elf/bin/../xtensa-esp-elf/lib] ==> dir [/home/muthuselvan/.espressif/tools/xtensa-esp-elf/esp-15.2.0_20250929/xtensa-esp-elf/bin/../xtensa-esp-elf/lib]
    arg [-L/home/muthuselvan/.espressif/tools/xtensa-esp-elf/esp-15.2.0_20250929/xtensa-esp-elf/bin/../xtensa-esp-elf/usr/lib] ==> dir [/home/muthuselvan/.espressif/tools/xtensa-esp-elf/esp-15.2.0_20250929/xtensa-esp-elf/bin/../xtensa-esp-elf/usr/lib]
    arg [@/tmp/ccM1evrH] ==> ignore
    arg [-lgcc] ==> lib [gcc]
    arg [-lc] ==> lib [c]
    arg [-lnosys] ==> lib [nosys]
    arg [-lc] ==> lib [c]
    arg [-lgcc] ==> lib [gcc]
    arg [/home/muthuselvan/.espressif/tools/xtensa-esp-elf/esp-15.2.0_20250929/xtensa-esp-elf/bin/../lib/gcc/xtensa-esp-elf/15.2.0/esp32s3/crtend.o] ==> obj [/home/muthuselvan/.espressif/tools/xtensa-esp-elf/esp-15.2.0_20250929/xtensa-esp-elf/bin/../lib/gcc/xtensa-esp-elf/15.2.0/esp32s3/crtend.o]
    arg [/home/muthuselvan/.espressif/tools/xtensa-esp-elf/esp-15.2.0_20250929/xtensa-esp-elf/bin/../lib/gcc/xtensa-esp-elf/15.2.0/esp32s3/crtn.o] ==> obj [/home/muthuselvan/.espressif/tools/xtensa-esp-elf/esp-15.2.0_20250929/xtensa-esp-elf/bin/../lib/gcc/xtensa-esp-elf/15.2.0/esp32s3/crtn.o]
  collapse obj [/home/muthuselvan/.espressif/tools/xtensa-esp-elf/esp-15.2.0_20250929/xtensa-esp-elf/bin/../lib/gcc/xtensa-esp-elf/15.2.0/../../../../xtensa-esp-elf/lib/esp32s3/crt0.o] ==> [/home/muthuselvan/.espressif/tools/xtensa-esp-elf/esp-15.2.0_20250929/xtensa-esp-elf/xtensa-esp-elf/lib/esp32s3/crt0.o]
  collapse obj [/home/muthuselvan/.espressif/tools/xtensa-esp-elf/esp-15.2.0_20250929/xtensa-esp-elf/bin/../lib/gcc/xtensa-esp-elf/15.2.0/esp32s3/crti.o] ==> [/home/muthuselvan/.espressif/tools/xtensa-esp-elf/esp-15.2.0_20250929/xtensa-esp-elf/lib/gcc/xtensa-esp-elf/15.2.0/esp32s3/crti.o]
  collapse obj [/home/muthuselvan/.espressif/tools/xtensa-esp-elf/esp-15.2.0_20250929/xtensa-esp-elf/bin/../lib/gcc/xtensa-esp-elf/15.2.0/esp32s3/crtbegin.o] ==> [/home/muthuselvan/.espressif/tools/xtensa-esp-elf/esp-15.2.0_20250929/xtensa-esp-elf/lib/gcc/xtensa-esp-elf/15.2.0/esp32s3/crtbegin.o]
  collapse obj [/home/muthuselvan/.espressif/tools/xtensa-esp-elf/esp-15.2.0_20250929/xtensa-esp-elf/bin/../lib/gcc/xtensa-esp-elf/15.2.0/esp32s3/crtend.o] ==> [/home/muthuselvan/.espressif/tools/xtensa-esp-elf/esp-15.2.0_20250929/xtensa-esp-elf/lib/gcc/xtensa-esp-elf/15.2.0/esp32s3/crtend.o]
  collapse obj [/home/muthuselvan/.espressif/tools/xtensa-esp-elf/esp-15.2.0_20250929/xtensa-esp-elf/bin/../lib/gcc/xtensa-esp-elf/15.2.0/esp32s3/crtn.o] ==> [/home/muthuselvan/.espressif/tools/xtensa-esp-elf/esp-15.2.0_20250929/xtensa-esp-elf/lib/gcc/xtensa-esp-elf/15.2.0/esp32s3/crtn.o]
  collapse library dir [/home/muthuselvan/.espressif/tools/xtensa-esp-elf/esp-15.2.0_20250929/xtensa-esp-elf/bin/../lib/gcc/xtensa-esp-elf/15.2.0/esp32s3] ==> [/home/muthuselvan/.espressif/tools/xtensa-esp-elf/esp-15.2.0_20250929/xtensa-esp-elf/lib/gcc/xtensa-esp-elf/15.2.0/esp32s3]
  collapse library dir [/home/muthuselvan/.espressif/tools/xtensa-esp-elf/esp-15.2.0_20250929/xtensa-esp-elf/bin/../lib/gcc/xtensa-esp-elf/15.2.0/../../../../xtensa-esp-elf/lib/esp32s3] ==> [/home/muthuselvan/.espressif/tools/xtensa-esp-elf/esp-15.2.0_20250929/xtensa-esp-elf/xtensa-esp-elf/lib/esp32s3]
  collapse library dir [/home/muthuselvan/.espressif/tools/xtensa-esp-elf/esp-15.2.0_20250929/xtensa-esp-elf/bin/../xtensa-esp-elf/lib/esp32s3] ==> [/home/muthuselvan/.espressif/tools/xtensa-esp-elf/esp-15.2.0_20250929/xtensa-esp-elf/xtensa-esp-elf/lib/esp32s3]
  collapse library dir [/home/muthuselvan/.espressif/tools/xtensa-esp-elf/esp-15.2.0_20250929/xtensa-esp-elf/bin/../lib/gcc/xtensa-esp-elf/15.2.0] ==> [/home/muthuselvan/.espressif/tools/xtensa-esp-elf/esp-15.2.0_20250929/xtensa-esp-elf/lib/gcc/xtensa-esp-elf/15.2.0]
  collapse library dir [/home/muthuselvan/.espressif/tools/xtensa-esp-elf/esp-15.2.0_20250929/xtensa-esp-elf/bin/../lib/gcc] ==> [/home/muthuselvan/.espressif/tools/xtensa-esp-elf/esp-15.2.0_20250929/xtensa-esp-elf/lib/gcc]
  collapse library dir [/home/muthuselvan/.espressif/tools/xtensa-esp-elf/esp-15.2.0_20250929/xtensa-esp-elf/bin/../lib/gcc/xtensa-esp-elf/15.2.0/../../../../xtensa-esp-elf/lib] ==> [/home/muthuselvan/.espressif/tools/xtensa-esp-elf/esp-15.2.0_20250929/xtensa-esp-elf/xtensa-esp-elf/lib]
  collapse library dir [/home/muthuselvan/.espressif/tools/xtensa-esp-elf/esp-15.2.0_20250929/xtensa-esp-elf/bin/../xtensa-esp-elf/lib] ==> [/home/muthuselvan/.espressif/tools/xtensa-esp-elf/esp-15.2.0_20250929/xtensa-esp-elf/xtensa-esp-elf/lib]
  collapse library dir [/home/muthuselvan/.espressif/tools/xtensa-esp-elf/esp-15.2.0_20250929/xtensa-esp-elf/bin/../xtensa-esp-elf/usr/lib] ==> [/home/muthuselvan/.espressif/tools/xtensa-esp-elf/esp-15.2.0_20250929/xtensa-esp-elf/xtensa-esp-elf/usr/lib]
  implicit libs: [gcc;c;nosys;c;gcc]
  implicit objs: [/home/muthuselvan/.espressif/tools/xtensa-esp-elf/esp-15.2.0_20250929/xtensa-esp-elf/xtensa-esp-elf/lib/esp32s3/crt0.o;/home/muthuselvan/.espressif/tools/xtensa-esp-elf/esp-15.2.0_20250929/xtensa-esp-elf/lib/gcc/xtensa-esp-elf/15.2.0/esp32s3/crti.o;/home/muthuselvan/.espressif/tools/xtensa-esp-elf/esp-15.2.0_20250929/xtensa-esp-elf/lib/gcc/xtensa-esp-elf/15.2.0/esp32s3/crtbegin.o;/home/muthuselvan/.espressif/tools/xtensa-esp-elf/esp-15.2.0_20250929/xtensa-esp-elf/lib/gcc/xtensa-esp-elf/15.2.0/esp32s3/crtend.o;/home/muthuselvan/.espressif/tools/xtensa-esp-elf/esp-15.2.0_20250929/xtensa-esp-elf/lib/gcc/xtensa-esp-elf/15.2.0/esp32s3/crtn.o]
  implicit dirs: [/home/muthuselvan/.espressif/tools/xtensa-esp-elf/esp-15.2.0_20250929/xtensa-esp-elf/lib/gcc/xtensa-esp-elf/15.2.0/esp32s3;/home/muthuselvan/.espressif/tools/xtensa-esp-elf/esp-15.2.0_20250929/xtensa-esp-elf/xtensa-esp-elf/lib/esp32s3;/home/muthuselvan/.espressif/tools/xtensa-esp-elf/esp-15.2.0_20250929/xtensa-esp-elf/lib/gcc/xtensa-esp-elf/15.2.0;/home/muthuselvan/.espressif/tools/xtensa-esp-elf/esp-15.2.0_20250929/xtensa-esp-elf/lib/gcc;/home/muthuselvan/.espressif/tools/xtensa-esp-elf/esp-15.2.0_20250929/xtensa-esp-elf/xtensa-esp-elf/lib;/home/muthuselvan/.espressif/tools/xtensa-esp-elf/esp-15.2.0_20250929/xtensa-esp-elf/xtensa-esp-elf/usr/lib]
  implicit fwks: []


Detecting C compiler ABI info compiled with the following output:
Change Dir: /home/muthuselvan/esp/build/CMakeFiles/CMakeTmp

Run Build Command(s):/home/muthuselvan/.local/bin/ninja cmTC_e5d4c && [1/2] Building C object CMakeFiles/cmTC_e5d4c.dir/CMakeCCompilerABI.c.obj
Using built-in specs.
COLLECT_GCC=/home/muthuselvan/.espressif/tools/xtensa-esp-elf/esp-15.2.0_20250929/xtensa-esp-elf/bin/xtensa-esp-elf-gcc
Target: xtensa-esp-elf
Configured with: /builds/idf/crosstool-NG/.build/xtensa-esp-elf/src/gcc/configure --build=x86_64-build_pc-linux-gnu --host=x86_64-build_pc-linux-gnu --target=xtensa-esp-elf --prefix=/builds/idf/crosstool-NG/builds/xtensa-esp-elf --exec_prefix=/builds/idf/crosstool-NG/builds/xtensa-esp-elf --with-local-prefix=/builds/idf/crosstool-NG/builds/xtensa-esp-elf/xtensa-esp-elf --with-sysroot=/builds/idf/crosstool-NG/builds/xtensa-esp-elf/xtensa-esp-elf --with-native-system-header-dir=/include --with-headers=/builds/idf/crosstool-NG/builds/xtensa-esp-elf/xtensa-esp-elf/include --with-newlib --enable-threads=no --disable-shared --with-pkgversion='crosstool-NG esp-15.2.0_20250929' --disable-__cxa_atexit --enable-cxx-flags='-ffunction-sections -fdata-sections' --disable-libgomp --disable-libmudflap --disable-libmpx --disable-libssp --disable-libquadmath --disable-libquadmath-support --disable-libstdcxx-verbose --with-gmp=/builds/idf/crosstool-NG/.build/xtensa-esp-elf/buildtools --with-mpfr=/builds/idf/crosstool-NG/.build/xtensa-esp-elf/buildtools --with-mpc=/builds/idf/crosstool-NG/.build/xtensa-esp-elf/buildtools --with-isl=/builds/idf/crosstool-NG/.build/xtensa-esp-elf/buildtools --enable-lto --enable-target-optspace --without-long-double-128 --enable-plugin --disable-nls --enable-multiarch --enable-languages=c,c++ --disable-libstdcxx-verbose --enable-threads=posix --enable-libstdcxx-time=yes --disable-win32-utf8-manifest
Thread model: posix
Supported LTO compression algorithms: zlib zstd
gcc version 15.2.0 (crosstool-NG esp-15.2.0_20250929) 
COLLECT_GCC_OPTIONS='-mdynconfig=xtensa_esp32s3.so' '-mlongcalls' '-fno-builtin-memcpy' '-fno-builtin-memset' '-fno-builtin-bzero' '-v' '-o' 'CMakeFiles/cmTC_e5d4c.dir/CMakeCCompilerABI.c.obj' '-c' '-dumpdir' 'CMakeFiles/cmTC_e5d4c.dir/'
 /home/muthuselvan/.espressif/tools/xtensa-esp-elf/esp-15.2.0_20250929/xtensa-esp-elf/bin/../libexec/gcc/xtensa-esp-elf/15.2.0/cc1 -quiet -v -imultilib esp32s3 -iprefix /home/muthuselvan/.espressif/tools/xtensa-esp-elf/esp-15.2.0_20250929/xtensa-esp-elf/bin/../lib/gcc/xtensa-esp-elf/15.2.0/ -isysroot /home/muthuselvan/.espressif/tools/xtensa-esp-elf/esp-15.2.0_20250929/xtensa-esp-elf/bin/../xtensa-esp-elf /usr/share/cmake-3.22/Modules/CMakeCCompilerABI.c -quiet -dumpdir CMakeFiles/cmTC_e5d4c.dir/ -dumpbase CMakeCCompilerABI.c.c -dumpbase-ext .c -mdynconfig=xtensa_esp32s3.so -mlongcalls -version -fno-builtin-memcpy -fno-builtin-memset -fno-builtin-bzero -o /tmp/ccQbDSKS.s
GNU C23 (crosstool-NG esp-15.2.0_20250929) version 15.2.0 (xtensa-esp-elf)
	compiled by GNU C version 6.3.0, GMP version 6.3.0, MPFR version 4.2.1, MPC version 1.3.1, isl version isl-0.26-GMP

GGC heuristics: --param ggc-min-expand=100 --param ggc-min-heapsize=131072
ignoring duplicate directory "/home/muthuselvan/.espressif/tools/xtensa-esp-elf/esp-15.2.0_20250929/xtensa-esp-elf/bin/../lib/gcc/../../lib/gcc/xtensa-esp-elf/15.2.0/include"
ignoring nonexistent directory "/home/muthuselvan/.espressif/tools/xtensa-esp-elf/esp-15.2.0_20250929/xtensa-esp-elf/bin/../xtensa-esp-elf/builds/idf/crosstool-NG/builds/xtensa-esp-elf/xtensa-esp-elf/include"
ignoring duplicate directory "/home/muthuselvan/.espressif/tools/xtensa-esp-elf/esp-15.2.0_20250929/xtensa-esp-elf/bin/../lib/gcc/../../lib/gcc/xtensa-esp-elf/15.2.0/include-fixed"
ignoring duplicate directory "/home/muthuselvan/.espressif/tools/xtensa-esp-elf/esp-15.2.0_20250929/xtensa-esp-elf/bin/../lib/gcc/../../lib/gcc/xtensa-esp-elf/15.2.0/../../../../xtensa-esp-elf/include"
ignoring duplicate directory "/home/muthuselvan/.espressif/tools/xtensa-esp-elf/esp-15.2.0_20250929/xtensa-esp-elf/bin/../xtensa-esp-elf/include"
#include "..." search starts here:
#include <...> search starts here:
 /home/muthuselvan/.espressif/tools/xtensa-esp-elf/esp-15.2.0_20250929/xtensa-esp-elf/bin/../lib/gcc/xtensa-esp-elf/15.2.0/include
 /home/muthuselvan/.espressif/tools/xtensa-esp-elf/esp-15.2.0_20250929/xtensa-esp-elf/bin/../lib/gcc/xtensa-esp-elf/15.2.0/include-fixed
 /home/muthuselvan/.espressif/tools/xtensa-esp-elf/esp-15.2.0_20250929/xtensa-esp-elf/bin/../lib/gcc/xtensa-esp-elf/15.2.0/../../../../xtensa-esp-elf/include
End of search list.
Compiler executable checksum: 4978507c08d555b30d3cc184655822f4
COLLECT_GCC_OPTIONS='-mdynconfig=xtensa_esp32s3.so' '-mlongcalls' '-fno-builtin-memcpy' '-fno-builtin-memset' '-fno-builtin-bzero' '-v' '-o' 'CMakeFiles/cmTC_e5d4c.dir/CMakeCCompilerABI.c.obj' '-c' '-dumpdir' 'CMakeFiles/cmTC_e5d4c.dir/'
 /home/muthuselvan/.espressif/tools/xtensa-esp-elf/esp-15.2.0_20250929/xtensa-esp-elf/bin/../lib/gcc/xtensa-esp-elf/15.2.0/../../../../xtensa-esp-elf/bin/as --traditional-format --longcalls --dynconfig=xtensa_esp32s3.so -o CMakeFiles/cmTC_e5d4c.dir/CMakeCCompilerABI.c.obj /tmp/ccQbDSKS.s
COMPILER_PATH=/home/muthuselvan/.espressif/tools/xtensa-esp-elf/esp-15.2.0_20250929/xtensa-esp-elf/bin/../libexec/gcc/xtensa-esp-elf/15.2.0/:/home/muthuselvan/.espressif/tools/xtensa-esp-elf/esp-15.2.0_20250929/xtensa-esp-elf/bin/../libexec/gcc/:/home/muthuselvan/.espressif/tools/xtensa-esp-elf/esp-15.2.0_20250929/xtensa-esp-elf/bin/../lib/gcc/xtensa-esp-elf/15.2.0/../../../../xtensa-esp-elf/bin/
LIBRARY_PATH=/home/muthuselvan/.espressif/tools/xtensa-esp-elf/esp-15.2.0_20250929/xtensa-esp-elf/bin/../lib/gcc/xtensa-esp-elf/15.2.0/esp32s3/:/home/muthuselvan/.espressif/tools/xtensa-esp-elf/esp-15.2.0_20250929/xtensa-esp-elf/bin/../lib/gcc/xtensa-esp-elf/15.2.0/../../../../xtensa-esp-elf/lib/esp32s3/:/home/muthuselvan/.espressif/tools/xtensa-esp-elf/esp-15.2.0_20250929/xtensa-esp-elf/bin/../xtensa-esp-elf/lib/esp32s3/:/home/muthuselvan/.espressif/tools/xtensa-esp-elf/esp-15.2.0_20250929/xtensa-esp-elf/bin/../lib/gcc/xtensa-esp-elf/15.2.0/:/home/muthuselvan/.espressif/tools/xtensa-esp-elf/esp-15.2.0_20250929/xtensa-esp-elf/bin/../lib/gcc/:/home/muthuselvan/.espressif/tools/xtensa-esp-elf/esp-15.2.0_20250929/xtensa-esp-elf/bin/../lib/gcc/xtensa-esp-elf/15.2.0/../../../../xtensa-esp-elf/lib/:/home/muthuselvan/.espressif/tools/xtensa-esp-elf/esp-15.2.0_20250929/xtensa-esp-elf/bin/../xtensa-esp-elf/lib/:/home/muthuselvan/.espressif/tools/xtensa-esp-elf/esp-15.2.0_20250929/xtensa-esp-elf/bin/../xtensa-esp-elf/usr/lib/
COLLECT_GCC_OPTIONS='-mdynconfig=xtensa_esp32s3.so' '-mlongcalls' '-fno-builtin-memcpy' '-fno-builtin-memset' '-fno-builtin-bzero' '-v' '-o' 'CMakeFiles/cmTC_e5d4c.dir/CMakeCCompilerABI.c.obj' '-c' '-dumpdir' 'CMakeFiles/cmTC_e5d4c.dir/CMakeCCompilerABI.c.'
[2/2] Linking C executable cmTC_e5d4c
Using built-in specs.
COLLECT_GCC=/home/muthuselvan/.espressif/tools/xtensa-esp-elf/esp-15.2.0_20250929/xtensa-esp-elf/bin/xtensa-esp-elf-gcc
COLLECT_LTO_WRAPPER=/home/muthuselvan/.espressif/tools/xtensa-esp-elf/esp-15.2.0_20250929/xtensa-esp-elf/bin/../libexec/gcc/xtensa-esp-elf/15.2.0/lto-wrapper
Target: xtensa-esp-elf
Configured with: /builds/idf/crosstool-NG/.build/xtensa-esp-elf/src/gcc/configure --build=x86_64-build_pc-linux-gnu --host=x86_64-build_pc-linux-gnu --target=xtensa-esp-elf --prefix=/builds/idf/crosstool-NG/builds/xtensa-esp-elf --exec_prefix=/builds/idf/crosstool-NG/builds/xtensa-esp-elf --with-local-prefix=/builds/idf/crosstool-NG/builds/xtensa-esp-elf/xtensa-esp-elf --with-sysroot=/builds/idf/crosstool-NG/builds/xtensa-esp-elf/xtensa-esp-elf --with-native-system-header-dir=/include --with-headers=/builds/idf/crosstool-NG/builds/xtensa-esp-elf/xtensa-esp-elf/include --with-newlib --enable-threads=no --disable-shared --with-pkgversion='crosstool-NG esp-15.2.0_20250929' --disable-__cxa_atexit --enable-cxx-flags='-ffunction-sections -fdata-sections' --disable-libgomp --disable-libmudflap --disable-libmpx --disable-libssp --disable-libquadmath --disable-libquadmath-support --disable-libstdcxx-verbose --with-gmp=/builds/idf/crosstool-NG/.build/xtensa-esp-elf/buildtools --with-mpfr=/builds/idf/crosstool-NG/.build/xtensa-esp-elf/buildtools --with-mpc=/builds/idf/crosstool-NG/.build/xtensa-esp-elf/buildtools --with-isl=/builds/idf/crosstool-NG/.build/xtensa-esp-elf/buildtools --enable-lto --enable-target-optspace --without-long-double-128 --enable-plugin --disable-nls --enable-multiarch --enable-languages=c,c++ --disable-libstdcxx-verbose --enable-threads=posix --enable-libstdcxx-time=yes --disable-win32-utf8-manifest
Thread model: posix
Supported LTO compression algorithms: zlib zstd
gcc version 15.2.0 (crosstool-NG esp-15.2.0_20250929) 
COMPILER_PATH=/home/muthuselvan/.espressif/tools/xtensa-esp-elf/esp-15.2.0_20250929/xtensa-esp-elf/bin/../libexec/gcc/xtensa-esp-elf/15.2.0/:/home/muthuselvan/.espressif/tools/xtensa-esp-elf/esp-15.2.0_20250929/xtensa-esp-elf/bin/../libexec/gcc/:/home/muthuselvan/.espressif/tools/xtensa-esp-elf/esp-15.2.0_20250929/xtensa-esp-elf/bin/../lib/gcc/xtensa-esp-elf/15.2.0/../../../../xtensa-esp-elf/bin/
LIBRARY_PATH=/home/muthuselvan/.espressif/tools/xtensa-esp-elf/esp-15.2.0_20250929/xtensa-esp-elf/bin/../lib/gcc/xtensa-esp-elf/15.2.0/esp32s3/:/home/muthuselvan/.espressif/tools/xtensa-esp-elf/esp-15.2.0_20250929/xtensa-esp-elf/bin/../lib/gcc/xtensa-esp-elf/15.2.0/../../../../xtensa-esp-elf/lib/esp32s3/:/home/muthuselvan/.espressif/tools/xtensa-esp-elf/esp-15.2.0_20250929/xtensa-esp-elf/bin/../xtensa-esp-elf/lib/esp32s3/:/home/muthuselvan/.espressif/tools/xtensa-esp-elf/esp-15.2.0_20250929/xtensa-esp-elf/bin/../lib/gcc/xtensa-esp-elf/15.2.0/:/home/muthuselvan/.espressif/tools/xtensa-esp-elf/esp-15.2.0_20250929/xtensa-esp-elf/bin/../lib/gcc/:/home/muthuselvan/.espressif/tools/xtensa-esp-elf/esp-15.2.0_20250929/xtensa-esp-elf/bin/../lib/gcc/xtensa-esp-elf/15.2.0/../../../../xtensa-esp-elf/lib/:/home/muthuselvan/.espressif/tools/xtensa-esp-elf/esp-15.2.0_20250929/xtensa-esp-elf/bin/../xtensa-esp-elf/lib/:/home/muthuselvan/.espressif/tools/xtensa-esp-elf/esp-15.2.0_20250929/xtensa-esp-elf/bin/../xtensa-esp-elf/usr/lib/
COLLECT_GCC_OPTIONS='-mdynconfig=xtensa_esp32s3.so' '-mlongcalls' '-fno-builtin-memcpy' '-fno-builtin-memset' '-fno-builtin-bzero' '-nostartfiles' '-v' '-o' 'cmTC_e5d4c' '-dumpdir' 'cmTC_e5d4c.'
 /home/muthuselvan/.espressif/tools/xtensa-esp-elf/esp-15.2.0_20250929/xtensa-esp-elf/bin/../libexec/gcc/xtensa-esp-elf/15.2.0/collect2 -plugin /home/muthuselvan/.espressif/tools/xtensa-esp-elf/esp-15.2.0_20250929/xtensa-esp-elf/bin/../libexec/gcc/xtensa-esp-elf/15.2.0/liblto_plugin.so -plugin-opt=/home/muthuselvan/.espressif/tools/xtensa-esp-elf/esp-15.2.0_20250929/xtensa-esp-elf/bin/../libexec/gcc/xtensa-esp-elf/15.2.0/lto-wrapper -plugin-opt=-fresolution=/tmp/cc5Im8Hh.res -plugin-opt=-pass-through=-lgcc -plugin-opt=-pass-through=-lc -plugin-opt=-pass-through=-lnosys -plugin-opt=-pass-through=-lc -plugin-opt=-pass-through=-lgcc --sysroot=/home/muthuselvan/.espressif/tools/xtensa-esp-elf/esp-15.2.0_20250929/xtensa-esp-elf/bin/../xtensa-esp-elf --dynconfig=xtensa_esp32s3.so -o cmTC_e5d4c -L/home/muthuselvan/.espressif/tools/xtensa-esp-elf/esp-15.2.0_20250929/xtensa-esp-elf/bin/../lib/gcc/xtensa-esp-elf/15.2.0/esp32s3 -L/home/muthuselvan/.espressif/tools/xtensa-esp-elf/esp-15.2.0_20250929/xtensa-esp-elf/bin/../lib/gcc/xtensa-esp-elf/15.2.0/../../../../xtensa-esp-elf/lib/esp32s3 -L/home/muthuselvan/.espressif/tools/xtensa-esp-elf/esp-15.2.0_20250929/xtensa-esp-elf/bin/../xtensa-esp-elf/lib/esp32s3 -L/home/muthuselvan/.espressif/tools/xtensa-esp-elf/esp-15.2.0_20250929/xtensa-esp-elf/bin/../lib/gcc/xtensa-esp-elf/15.2.0 -L/home/muthuselvan/.espressif/tools/xtensa-esp-elf/esp-15.2.0_20250929/xtensa-esp-elf/bin/../lib/gcc -L/home/muthuselvan/.espressif/tools/xtensa-esp-elf/esp-15.2.0_20250929/xtensa-esp-elf/bin/../lib/gcc/xtensa-esp-elf/15.2.0/../../../../xtensa-esp-elf/lib -L/home/muthuselvan/.espressif/tools/xtensa-esp-elf/esp-15.2.0_20250929/xtensa-esp-elf/bin/../xtensa-esp-elf/lib -L/home/muthuselvan/.espressif/tools/xtensa-esp-elf/esp-15.2.0_20250929/xtensa-esp-elf/bin/../xtensa-esp-elf/usr/lib @/tmp/cciHzMeJ -lgcc -lc -lnosys -lc -lgcc
/home/muthuselvan/.espressif/tools/xtensa-esp-elf/esp-15.2.0_20250929/xtensa-esp-elf/bin/../lib/gcc/xtensa-esp-elf/15.2.0/../../../../xtensa-esp-elf/bin/ld: warning: cannot find entry symbol _start; defaulting to 00400054
COLLECT_GCC_OPTIONS='-mdynconfig=xtensa_esp32s3.so' '-mlongcalls' '-fno-builtin-memcpy' '-fno-builtin-memset' '-fno-builtin-bzero' '-nostartfiles' '-v' '-o' 'cmTC_e5d4c' '-dumpdir' 'cmTC_e5d4c.'



Parsed C implicit include dir info from above output: rv=done
  found start of include info
  found start of implicit include info
    add: [/home/muthuselvan/.espressif/tools/xtensa-esp-elf/esp-15.2.0_20250929/xtensa-esp-elf/bin/../lib/gcc/xtensa-esp-elf/15.2.0/include]
    add: [/home/muthuselvan/.espressif/tools/xtensa-esp-elf/esp-15.2.0_20250929/xtensa-esp-elf/bin/../lib/gcc/xtensa-esp-elf/15.2.0/include-fixed]
    add: [/home/muthuselvan/.espressif/tools/xtensa-esp-elf/esp-15.2.0_20250929/xtensa-esp-elf/bin/../lib/gcc/xtensa-esp-elf/15.2.0/../../../../xtensa-esp-elf/include]
  end of search list found
  collapse include dir [/home/muthuselvan/.espressif/tools/xtensa-esp-elf/esp-15.2.0_20250929/xtensa-esp-elf/bin/../lib/gcc/xtensa-esp-elf/15.2.0/include] ==> [/home/muthuselvan/.espressif/tools/xtensa-esp-elf/esp-15.2.0_20250929/xtensa-esp-elf/lib/gcc/xtensa-esp-elf/15.2.0/include]
  collapse include dir [/home/muthuselvan/.espressif/tools/xtensa-esp-elf/esp-15.2.0_20250929/xtensa-esp-elf/bin/../lib/gcc/xtensa-esp-elf/15.2.0/include-fixed] ==> [/home/muthuselvan/.espressif/tools/xtensa-esp-elf/esp-15.2.0_20250929/xtensa-esp-elf/lib/gcc/xtensa-esp-elf/15.2.0/include-fixed]
  collapse include dir [/home/muthuselvan/.espressif/tools/xtensa-esp-elf/esp-15.2.0_20250929/xtensa-esp-elf/bin/../lib/gcc/xtensa-esp-elf/15.2.0/../../../../xtensa-esp-elf/include] ==> [/home/muthuselvan/.espressif/tools/xtensa-esp-elf/esp-15.2.0_20250929/xtensa-esp-elf/xtensa-esp-elf/include]
  implicit include dirs: [/home/muthuselvan/.espressif/tools/xtensa-esp-elf/esp-15.2.0_20250929/xtensa-esp-elf/lib/gcc/xtensa-esp-elf/15.2.0/include;/home/muthuselvan/.espressif/tools/xtensa-esp-elf/esp-15.2.0_20250929/xtensa-esp-elf/lib/gcc/xtensa-esp-elf/15.2.0/include-fixed;/home/muthuselvan/.espressif/tools/xtensa-esp-elf/esp-15.2.0_20250929/xtensa-esp-elf/xtensa-esp-elf/include]


Parsed C implicit link information from above output:
  link line regex: [^( *|.*[/\])(xtensa-esp32s3-elf-ld|CMAKE_LINK_STARTFILE-NOTFOUND|([^/\]+-)?ld|collect2)[^/\]*( |$)]
  ignore line: [Change Dir: /home/muthuselvan/esp/build/CMakeFiles/CMakeTmp]
  ignore line: []
  ignore line: [Run Build Command(s):/home/muthuselvan/.local/bin/ninja cmTC_e5d4c && [1/2] Building C object CMakeFiles/cmTC_e5d4c.dir/CMakeCCompilerABI.c.obj]
  ignore line: [Using built-in specs.]
  ignore line: [COLLECT_GCC=/home/muthuselvan/.espressif/tools/xtensa-esp-elf/esp-15.2.0_20250929/xtensa-esp-elf/bin/xtensa-esp-elf-gcc]
  ignore line: [Target: xtensa-esp-elf]
  ignore line: [Configured with: /builds/idf/crosstool-NG/.build/xtensa-esp-elf/src/gcc/configure --build=x86_64-build_pc-linux-gnu --host=x86_64-build_pc-linux-gnu --target=xtensa-esp-elf --prefix=/builds/idf/crosstool-NG/builds/xtensa-esp-elf --exec_prefix=/builds/idf/crosstool-NG/builds/xtensa-esp-elf --with-local-prefix=/builds/idf/crosstool-NG/builds/xtensa-esp-elf/xtensa-esp-elf --with-sysroot=/builds/idf/crosstool-NG/builds/xtensa-esp-elf/xtensa-esp-elf --with-native-system-header-dir=/include --with-headers=/builds/idf/crosstool-NG/builds/xtensa-esp-elf/xtensa-esp-elf/include --with-newlib --enable-threads=no --disable-shared --with-pkgversion='crosstool-NG esp-15.2.0_20250929' --disable-__cxa_atexit --enable-cxx-flags='-ffunction-sections -fdata-sections' --disable-libgomp --disable-libmudflap --disable-libmpx --disable-libssp --disable-libquadmath --disable-libquadmath-support --disable-libstdcxx-verbose --with-gmp=/builds/idf/crosstool-NG/.build/xtensa-esp-elf/buildtools --with-mpfr=/builds/idf/crosstool-NG/.build/xtensa-esp-elf/buildtools --with-mpc=/builds/idf/crosstool-NG/.build/xtensa-esp-elf/buildtools --with-isl=/builds/idf/crosstool-NG/.build/xtensa-esp-elf/buildtools --enable-lto --enable-target-optspace --without-long-double-128 --enable-plugin --disable-nls --enable-multiarch --enable-languages=c c++ --disable-libstdcxx-verbose --enable-threads=posix --enable-libstdcxx-time=yes --disable-win32-utf8-manifest]
  ignore line: [Thread model: posix]
  ignore line: [Supported LTO compression algorithms: zlib zstd]
  ignore line: [gcc version 15.2.0 (crosstool-NG esp-15.2.0_20250929) ]
  ignore line: [COLLECT_GCC_OPTIONS='-mdynconfig=xtensa_esp32s3.so' '-mlongcalls' '-fno-builtin-memcpy' '-fno-builtin-memset' '-fno-builtin-bzero' '-v' '-o' 'CMakeFiles/cmTC_e5d4c.dir/CMakeCCompilerABI.c.obj' '-c' '-dumpdir' 'CMakeFiles/cmTC_e5d4c.dir/']
  ignore line: [ /home/muthuselvan/.espressif/tools/xtensa-esp-elf/esp-15.2.0_20250929/xtensa-esp-elf/bin/../libexec/gcc/xtensa-esp-elf/15.2.0/cc1 -quiet -v -imultilib esp32s3 -iprefix /home/muthuselvan/.espressif/tools/xtensa-esp-elf/esp-15.2.0_20250929/xtensa-esp-elf/bin/../lib/gcc/xtensa-esp-elf/15.2.0/ -isysroot /home/muthuselvan/.espressif/tools/xtensa-esp-elf/esp-15.2.0_20250929/xtensa-esp-elf/bin/../xtensa-esp-elf /usr/share/cmake-3.22/Modules/CMakeCCompilerABI.c -quiet -dumpdir CMakeFiles/cmTC_e5d4c.dir/ -dumpbase CMakeCCompilerABI.c.c -dumpbase-ext .c -mdynconfig=xtensa_esp32s3.so -mlongcalls -version -fno-builtin-memcpy -fno-builtin-memset -fno-builtin-bzero -o /tmp/ccQbDSKS.s]
  ignore line: [GNU C23 (crosstool-NG esp-15.2.0_20250929) version 15.2.0 (xtensa-esp-elf)]
  ignore line: [	compiled by GNU C version 6.3.0  GMP version 6.3.0  MPFR version 4.2.1  MPC version 1.3.1  isl version isl-0.26-GMP]
  ignore line: []
  ignore line: [GGC heuristics: --param ggc-min-expand=100 --param ggc-min-heapsize=131072]
  ignore line: [ignoring duplicate directory "/home/muthuselvan/.espressif/tools/xtensa-esp-elf/esp-15.2.0_20250929/xtensa-esp-elf/bin/../lib/gcc/../../lib/gcc/xtensa-esp-elf/15.2.0/include"]
  ignore line: [ignoring nonexistent directory "/home/muthuselvan/.espressif/tools/xtensa-esp-elf/esp-15.2.0_20250929/xtensa-esp-elf/bin/../xtensa-esp-elf/builds/idf/crosstool-NG/builds/xtensa-esp-elf/xtensa-esp-elf/include"]
  ignore line: [ignoring duplicate directory "/home/muthuselvan/.espressif/tools/xtensa-esp-elf/esp-15.2.0_20250929/xtensa-esp-elf/bin/../lib/gcc/../../lib/gcc/xtensa-esp-elf/15.2.0/include-fixed"]
  ignore line: [ignoring duplicate directory "/home/muthuselvan/.espressif/tools/xtensa-esp-elf/esp-15.2.0_20250929/xtensa-esp-elf/bin/../lib/gcc/../../lib/gcc/xtensa-esp-elf/15.2.0/../../../../xtensa-esp-elf/include"]
  ignore line: [ignoring duplicate directory "/home/muthuselvan/.espressif/tools/xtensa-esp-elf/esp-15.2.0_20250929/xtensa-esp-elf/bin/../xtensa-esp-elf/include"]
  ignore line: [#include "..." search starts here:]
  ignore line: [#include <...> search starts here:]
  ignore line: [ /home/muthuselvan/.espressif/tools/xtensa-esp-elf/esp-15.2.0_20250929/xtensa-esp-elf/bin/../lib/gcc/xtensa-esp-elf/15.2.0/include]
  ignore line: [ /home/muthuselvan/.espressif/tools/xtensa-esp-elf/esp-15.2.0_20250929/xtensa-esp-elf/bin/../lib/gcc/xtensa-esp-elf/15.2.0/include-fixed]
  ignore line: [ /home/muthuselvan/.espressif/tools/xtensa-esp-elf/esp-15.2.0_20250929/xtensa-esp-elf/bin/../lib/gcc/xtensa-esp-elf/15.2.0/../../../../xtensa-esp-elf/include]
  ignore line: [End of search list.]
  ignore line: [Compiler executable checksum: 4978507c08d555b30d3cc184655822f4]
  ignore line: [COLLECT_GCC_OPTIONS='-mdynconfig=xtensa_esp32s3.so' '-mlongcalls' '-fno-builtin-memcpy' '-fno-builtin-memset' '-fno-builtin-bzero' '-v' '-o' 'CMakeFiles/cmTC_e5d4c.dir/CMakeCCompilerABI.c.obj' '-c' '-dumpdir' 'CMakeFiles/cmTC_e5d4c.dir/']
  ignore line: [ /home/muthuselvan/.espressif/tools/xtensa-esp-elf/esp-15.2.0_20250929/xtensa-esp-elf/bin/../lib/gcc/xtensa-esp-elf/15.2.0/../../../../xtensa-esp-elf/bin/as --traditional-format --longcalls --dynconfig=xtensa_esp32s3.so -o CMakeFiles/cmTC_e5d4c.dir/CMakeCCompilerABI.c.obj /tmp/ccQbDSKS.s]
  ignore line: [COMPILER_PATH=/home/muthuselvan/.espressif/tools/xtensa-esp-elf/esp-15.2.0_20250929/xtensa-esp-elf/bin/../libexec/gcc/xtensa-esp-elf/15.2.0/:/home/muthuselvan/.espressif/tools/xtensa-esp-elf/esp-15.2.0_20250929/xtensa-esp-elf/bin/../libexec/gcc/:/home/muthuselvan/.espressif/tools/xtensa-esp-elf/esp-15.2.0_20250929/xtensa-esp-elf/bin/../lib/gcc/xtensa-esp-elf/15.2.0/../../../../xtensa-esp-elf/bin/]
  ignore line: [LIBRARY_PATH=/home/muthuselvan/.espressif/tools/xtensa-esp-elf/esp-15.2.0_20250929/xtensa-esp-elf/bin/../lib/gcc/xtensa-esp-elf/15.2.0/esp32s3/:/home/muthuselvan/.espressif/tools/xtensa-esp-elf/esp-15.2.0_20250929/xtensa-esp-elf/bin/../lib/gcc/xtensa-esp-elf/15.2.0/../../../../xtensa-esp-elf/lib/esp32s3/:/home/muthuselvan/.espressif/tools/xtensa-esp-elf/esp-15.2.0_20250929/xtensa-esp-elf/bin/../xtensa-esp-elf/lib/esp32s3/:/home/muthuselvan/.espressif/tools/xtensa-esp-elf/esp-15.2.0_20250929/xtensa-esp-elf/bin/../lib/gcc/xtensa-esp-elf/15.2.0/:/home/muthuselvan/.espressif/tools/xtensa-esp-elf/esp-15.2.0_20250929/xtensa-esp-elf/bin/../lib/gcc/:/home/muthuselvan/.espressif/tools/xtensa-esp-elf/esp-15.2.0_20250929/xtensa-esp-elf/bin/../lib/gcc/xtensa-esp-elf/15.2.0/../../../../xtensa-esp-elf/lib/:/home/muthuselvan/.espressif/tools/xtensa-esp-elf/esp-15.2.0_20250929/xtensa-esp-elf/bin/../xtensa-esp-elf/lib/:/home/muthuselvan/.espressif/tools/xtensa-esp-elf/esp-15.2.0_20250929/xtensa-esp-elf/bin/../xtensa-esp-elf/usr/lib/]
  ignore line: [COLLECT_GCC_OPTIONS='-mdynconfig=xtensa_esp32s3.so' '-mlongcalls' '-fno-builtin-memcpy' '-fno-builtin-memset' '-fno-builtin-bzero' '-v' '-o' 'CMakeFiles/cmTC_e5d4c.dir/CMakeCCompilerABI.c.obj' '-c' '-dumpdir' 'CMakeFiles/cmTC_e5d4c.dir/CMakeCCompilerABI.c.']
  ignore line: [[2/2] Linking C executable cmTC_e5d4c]
  ignore line: [Using built-in specs.]
  ignore line: [COLLECT_GCC=/home/muthuselvan/.espressif/tools/xtensa-esp-elf/esp-15.2.0_20250929/xtensa-esp-elf/bin/xtensa-esp-elf-gcc]
  ignore line: [COLLECT_LTO_WRAPPER=/home/muthuselvan/.espressif/tools/xtensa-esp-elf/esp-15.2.0_20250929/xtensa-esp-elf/bin/../libexec/gcc/xtensa-esp-elf/15.2.0/lto-wrapper]
  ignore line: [Target: xtensa-esp-elf]
  ignore line: [Configured with: /builds/idf/crosstool-NG/.build/xtensa-esp-elf/src/gcc/configure --build=x86_64-build_pc-linux-gnu --host=x86_64-build_pc-linux-gnu --target=xtensa-esp-elf --prefix=/builds/idf/crosstool-NG/builds/xtensa-esp-elf --exec_prefix=/builds/idf/crosstool-NG/builds/xtensa-esp-elf --with-local-prefix=/builds/idf/crosstool-NG/builds/xtensa-esp-elf/xtensa-esp-elf --with-sysroot=/builds/idf/crosstool-NG/builds/xtensa-esp-elf/xtensa-esp-elf --with-native-system-header-dir=/include --with-headers=/builds/idf/crosstool-NG/builds/xtensa-esp-elf/xtensa-esp-elf/include --with-newlib --enable-threads=no --disable-shared --with-pkgversion='crosstool-NG esp-15.2.0_20250929' --disable-__cxa_atexit --enable-cxx-flags='-ffunction-sections -fdata-sections' --disable-libgomp --disable-libmudflap --disable-libmpx --disable-libssp --disable-libquadmath --disable-libquadmath-support --disable-libstdcxx-verbose --with-gmp=/builds/idf/crosstool-NG/.build/xtensa-esp-elf/buildtools --with-mpfr=/builds/idf/crosstool-NG/.build/xtensa-esp-elf/buildtools --with-mpc=/builds/idf/crosstool-NG/.build/xtensa-esp-elf/buildtools --with-isl=/builds/idf/crosstool-NG/.build/xtensa-esp-elf/buildtools --enable-lto --enable-target-optspace --without-long-double-128 --enable-plugin --disable-nls --enable-multiarch --enable-languages=c c++ --disable-libstdcxx-verbose --enable-threads=posix --enable-libstdcxx-time=yes --disable-win32-utf8-manifest]
  ignore line: [Thread model: posix]
  ignore line: [Supported LTO compression algorithms: zlib zstd]
  ignore line: [gcc version 15.2.0 (crosstool-NG esp-15.2.0_20250929) ]
  ignore line: [COMPILER_PATH=/home/muthuselvan/.espressif/tools/xtensa-esp-elf/esp-15.2.0_20250929/xtensa-esp-elf/bin/../libexec/gcc/xtensa-esp-elf/15.2.0/:/home/muthuselvan/.espressif/tools/xtensa-esp-elf/esp-15.2.0_20250929/xtensa-esp-elf/bin/../libexec/gcc/:/home/muthuselvan/.espressif/tools/xtensa-esp-elf/esp-15.2.0_20250929/xtensa-esp-elf/bin/../lib/gcc/xtensa-esp-elf/15.2.0/../../../../xtensa-esp-elf/bin/]
  ignore line: [LIBRARY_PATH=/home/muthuselvan/.espressif/tools/xtensa-esp-elf/esp-15.2.0_20250929/xtensa-esp-elf/bin/../lib/gcc/xtensa-esp-elf/15.2.0/esp32s3/:/home/muthuselvan/.espressif/tools/xtensa-esp-elf/esp-15.2.0_20250929/xtensa-esp-elf/bin/../lib/gcc/xtensa-esp-elf/15.2.0/../../../../xtensa-esp-elf/lib/esp32s3/:/home/muthuselvan/.espressif/tools/xtensa-esp-elf/esp-15.2.0_20250929/xtensa-esp-elf/bin/../xtensa-esp-elf/lib/esp32s3/:/home/muthuselvan/.espressif/tools/xtensa-esp-elf/esp-15.2.0_20250929/xtensa-esp-elf/bin/../lib/gcc/xtensa-esp-elf/15.2.0/:/home/muthuselvan/.espressif/tools/xtensa-esp-elf/esp-15.2.0_20250929/xtensa-esp-elf/bin/../lib/gcc/:/home/muthuselvan/.espressif/tools/xtensa-esp-elf/esp-15.2.0_20250929/xtensa-esp-elf/bin/../lib/gcc/xtensa-esp-elf/15.2.0/../../../../xtensa-esp-elf/lib/:/home/muthuselvan/.espressif/tools/xtensa-esp-elf/esp-15.2.0_20250929/xtensa-esp-elf/bin/../xtensa-esp-elf/lib/:/home/muthuselvan/.espressif/tools/xtensa-esp-elf/esp-15.2.0_20250929/xtensa-esp-elf/bin/../xtensa-esp-elf/usr/lib/]
  ignore line: [COLLECT_GCC_OPTIONS='-mdynconfig=xtensa_esp32s3.so' '-mlongcalls' '-fno-builtin-memcpy' '-fno-builtin-memset' '-fno-builtin-bzero' '-nostartfiles' '-v' '-o' 'cmTC_e5d4c' '-dumpdir' 'cmTC_e5d4c.']
  link line: [ /home/muthuselvan/.espressif/tools/xtensa-esp-elf/esp-15.2.0_20250929/xtensa-esp-elf/bin/../libexec/gcc/xtensa-esp-elf/15.2.0/collect2 -plugin /home/muthuselvan/.espressif/tools/xtensa-esp-elf/esp-15.2.0_20250929/xtensa-esp-elf/bin/../libexec/gcc/xtensa-esp-elf/15.2.0/liblto_plugin.so -plugin-opt=/home/muthuselvan/.espressif/tools/xtensa-esp-elf/esp-15.2.0_20250929/xtensa-esp-elf/bin/../libexec/gcc/xtensa-esp-elf/15.2.0/lto-wrapper -plugin-opt=-fresolution=/tmp/cc5Im8Hh.res -plugin-opt=-pass-through=-lgcc -plugin-opt=-pass-through=-lc -plugin-opt=-pass-through=-lnosys -plugin-opt=-pass-through=-lc -plugin-opt=-pass-through=-lgcc --sysroot=/home/muthuselvan/.espressif/tools/xtensa-esp-elf/esp-15.2.0_20250929/xtensa-esp-elf/bin/../xtensa-esp-elf --dynconfig=xtensa_esp32s3.so -o cmTC_e5d4c -L/home/muthuselvan/.espressif/tools/xtensa-esp-elf/esp-15.2.0_20250929/xtensa-esp-elf/bin/../lib/gcc/xtensa-esp-elf/15.2.0/esp32s3 -L/home/muthuselvan/.espressif/tools/xtensa-esp-elf/esp-15.2.0_20250929/xtensa-esp-elf/bin/../lib/gcc/xtensa-esp-elf/15.2.0/../../../../xtensa-esp-elf/lib/esp32s3 -L/home/muthuselvan/.espressif/tools/xtensa-esp-elf/esp-15.2.0_20250929/xtensa-esp-elf/bin/../xtensa-esp-elf/lib/esp32s3 -L/home/muthuselvan/.espressif/tools/xtensa-esp-elf/esp-15.2.0_20250929/xtensa-esp-elf/bin/../lib/gcc/xtensa-esp-elf/15.2.0 -L/home/muthuselvan/.espressif/tools/xtensa-esp-elf/esp-15.2.0_20250929/xtensa-esp-elf/bin/../lib/gcc -L/home/muthuselvan/.espressif/tools/xtensa-esp-elf/esp-15.2.0_20250929/xtensa-esp-elf/bin/../lib/gcc/xtensa-esp-elf/15.2.0/../../../../xtensa-esp-elf/lib -L/home/muthuselvan/.espressif/tools/xtensa-esp-elf/esp-15.2.0_20250929/xtensa-esp-elf/bin/../xtensa-esp-elf/lib -L/home/muthuselvan/.espressif/tools/xtensa-esp-elf/esp-15.2.0_20250929/xtensa-esp-elf/bin/../xtensa-esp-elf/usr/lib @/tmp/cciHzMeJ -lgcc -lc -lnosys -lc -lgcc]
    arg [/home/muthuselvan/.espressif/tools/xtensa-esp-elf/esp-15.2.0_20250929/xtensa-esp-elf/bin/../libexec/gcc/xtensa-esp-elf/15.2.0/collect2] ==> ignore
    arg [-plugin] ==> ignore
    arg [/home/muthuselvan/.espressif/tools/xtensa-esp-elf/esp-15.2.0_20250929/xtensa-esp-elf/bin/../libexec/gcc/xtensa-esp-elf/15.2.0/liblto_plugin.so] ==> ignore
    arg [-plugin-opt=/home/muthuselvan/.espressif/tools/xtensa-esp-elf/esp-15.2.0_20250929/xtensa-esp-elf/bin/../libexec/gcc/xtensa-esp-elf/15.2.0/lto-wrapper] ==> ignore
    arg [-plugin-opt=-fresolution=/tmp/cc5Im8Hh.res] ==> ignore
    arg [-plugin-opt=-pass-through=-lgcc] ==> ignore
    arg [-plugin-opt=-pass-through=-lc] ==> ignore
    arg [-plugin-opt=-pass-through=-lnosys] ==> ignore
    arg [-plugin-opt=-pass-through=-lc] ==> ignore
    arg [-plugin-opt=-pass-through=-lgcc] ==> ignore
    arg [--sysroot=/home/muthuselvan/.espressif/tools/xtensa-esp-elf/esp-15.2.0_20250929/xtensa-esp-elf/bin/../xtensa-esp-elf] ==> ignore
    arg [--dynconfig=xtensa_esp32s3.so] ==> ignore
    arg [-o] ==> ignore
    arg [cmTC_e5d4c] ==> ignore
    arg [-L/home/muthuselvan/.espressif/tools/xtensa-esp-elf/esp-15.2.0_20250929/xtensa-esp-elf/bin/../lib/gcc/xtensa-esp-elf/15.2.0/esp32s3] ==> dir [/home/muthuselvan/.espressif/tools/xtensa-esp-elf/esp-15.2.0_20250929/xtensa-esp-elf/bin/../lib/gcc/xtensa-esp-elf/15.2.0/esp32s3]
    arg [-L/home/muthuselvan/.espressif/tools/xtensa-esp-elf/esp-15.2.0_20250929/xtensa-esp-elf/bin/../lib/gcc/xtensa-esp-elf/15.2.0/../../../../xtensa-esp-elf/lib/esp32s3] ==> dir [/home/muthuselvan/.espressif/tools/xtensa-esp-elf/esp-15.2.0_20250929/xtensa-esp-elf/bin/../lib/gcc/xtensa-esp-elf/15.2.0/../../../../xtensa-esp-elf/lib/esp32s3]
    arg [-L/home/muthuselvan/.espressif/tools/xtensa-esp-elf/esp-15.2.0_20250929/xtensa-esp-elf/bin/../xtensa-esp-elf/lib/esp32s3] ==> dir [/home/muthuselvan/.espressif/tools/xtensa-esp-elf/esp-15.2.0_20250929/xtensa-esp-elf/bin/../xtensa-esp-elf/lib/esp32s3]
    arg [-L/home/muthuselvan/.espressif/tools/xtensa-esp-elf/esp-15.2.0_20250929/xtensa-esp-elf/bin/../lib/gcc/xtensa-esp-elf/15.2.0] ==> dir [/home/muthuselvan/.espressif/tools/xtensa-esp-elf/esp-15.2.0_20250929/xtensa-esp-elf/bin/../lib/gcc/xtensa-esp-elf/15.2.0]
    arg [-L/home/muthuselvan/.espressif/tools/xtensa-esp-elf/esp-15.2.0_20250929/xtensa-esp-elf/bin/../lib/gcc] ==> dir [/home/muthuselvan/.espressif/tools/xtensa-esp-elf/esp-15.2.0_20250929/xtensa-esp-elf/bin/../lib/gcc]
    arg [-L/home/muthuselvan/.espressif/tools/xtensa-esp-elf/esp-15.2.0_20250929/xtensa-esp-elf/bin/../lib/gcc/xtensa-esp-elf/15.2.0/../../../../xtensa-esp-elf/lib] ==> dir [/home/muthuselvan/.espressif/tools/xtensa-esp-elf/esp-15.2.0_20250929/xtensa-esp-elf/bin/../lib/gcc/xtensa-esp-elf/15.2.0/../../../../xtensa-esp-elf/lib]
    arg [-L/home/muthuselvan/.espressif/tools/xtensa-esp-elf/esp-15.2.0_20250929/xtensa-esp-elf/bin/../xtensa-esp-elf/lib] ==> dir [/home/muthuselvan/.espressif/tools/xtensa-esp-elf/esp-15.2.0_20250929/xtensa-esp-elf/bin/../xtensa-esp-elf/lib]
    arg [-L/home/muthuselvan/.espressif/tools/xtensa-esp-elf/esp-15.2.0_20250929/xtensa-esp-elf/bin/../xtensa-esp-elf/usr/lib] ==> dir [/home/muthuselvan/.espressif/tools/xtensa-esp-elf/esp-15.2.0_20250929/xtensa-esp-elf/bin/../xtensa-esp-elf/usr/lib]
    arg [@/tmp/cciHzMeJ] ==> ignore
    arg [-lgcc] ==> lib [gcc]
    arg [-lc] ==> lib [c]
    arg [-lnosys] ==> lib [nosys]
    arg [-lc] ==> lib [c]
    arg [-lgcc] ==> lib [gcc]
  collapse library dir [/home/muthuselvan/.espressif/tools/xtensa-esp-elf/esp-15.2.0_20250929/xtensa-esp-elf/bin/../lib/gcc/xtensa-esp-elf/15.2.0/esp32s3] ==> [/home/muthuselvan/.espressif/tools/xtensa-esp-elf/esp-15.2.0_20250929/xtensa-esp-elf/lib/gcc/xtensa-esp-elf/15.2.0/esp32s3]
  collapse library dir [/home/muthuselvan/.espressif/tools/xtensa-esp-elf/esp-15.2.0_20250929/xtensa-esp-elf/bin/../lib/gcc/xtensa-esp-elf/15.2.0/../../../../xtensa-esp-elf/lib/esp32s3] ==> [/home/muthuselvan/.espressif/tools/xtensa-esp-elf/esp-15.2.0_20250929/xtensa-esp-elf/xtensa-esp-elf/lib/esp32s3]
  collapse library dir [/home/muthuselvan/.espressif/tools/xtensa-esp-elf/esp-15.2.0_20250929/xtensa-esp-elf/bin/../xtensa-esp-elf/lib/esp32s3] ==> [/home/muthuselvan/.espressif/tools/xtensa-esp-elf/esp-15.2.0_20250929/xtensa-esp-elf/xtensa-esp-elf/lib/esp32s3]
  collapse library dir [/home/muthuselvan/.espressif/tools/xtensa-esp-elf/esp-15.2.0_20250929/xtensa-esp-elf/bin/../lib/gcc/xtensa-esp-elf/15.2.0] ==> [/home/muthuselvan/.espressif/tools/xtensa-esp-elf/esp-15.2.0_20250929/xtensa-esp-elf/lib/gcc/xtensa-esp-elf/15.2.0]
  collapse library dir [/home/muthuselvan/.espressif/tools/xtensa-esp-elf/esp-15.2.0_20250929/xtensa-esp-elf/bin/../lib/gcc] ==> [/home/muthuselvan/.espressif/tools/xtensa-esp-elf/esp-15.2.0_20250929/xtensa-esp-elf/lib/gcc]
  collapse library dir [/home/muthuselvan/.espressif/tools/xtensa-esp-elf/esp-15.2.0_20250929/xtensa-esp-elf/bin/../lib/gcc/xtensa-esp-elf/15.2.0/../../../../xtensa-esp-elf/lib] ==> [/home/muthuselvan/.espressif/tools/xtensa-esp-elf/esp-15.2.0_20250929/xtensa-esp-elf/xtensa-esp-elf/lib]
  collapse library dir [/home/muthuselvan/.espressif/tools/xtensa-esp-elf/esp-15.2.0_20250929/xtensa-esp-elf/bin/../xtensa-esp-elf/lib] ==> [/home/muthuselvan/.espressif/tools/xtensa-esp-elf/esp-15.2.0_20250929/xtensa-esp-elf/xtensa-esp-elf/lib]
  collapse library dir [/home/muthuselvan/.espressif/tools/xtensa-esp-elf/esp-15.2.0_20250929/xtensa-esp-elf/bin/../xtensa-esp-elf/usr/lib] ==> [/home/muthuselvan/.espressif/tools/xtensa-esp-elf/esp-15.2.0_20250929/xtensa-esp-elf/xtensa-esp-elf/usr/lib]
  implicit libs: [gcc;c;nosys;c;gcc]
  implicit objs: []
  implicit dirs: [/home/muthuselvan/.espressif/tools/xtensa-esp-elf/esp-15.2.0_20250929/xtensa-esp-elf/lib/gcc/xtensa-esp-elf/15.2.0/esp32s3;/home/muthuselvan/.espressif/tools/xtensa-esp-elf/esp-15.2.0_20250929/xtensa-esp-elf/xtensa-esp-elf/lib/esp32s3;/home/muthuselvan/.espressif/tools/xtensa-esp-elf/esp-15.2.0_20250929/xtensa-esp-elf/lib/gcc/xtensa-esp-elf/15.2.0;/home/muthuselvan/.espressif/tools/xtensa-esp-elf/esp-15.2.0_20250929/xtensa-esp-elf/lib/gcc;/home/muthuselvan/.espressif/tools/xtensa-esp-elf/esp-15.2.0_20250929/xtensa-esp-elf/xtensa-esp-elf/lib;/home/muthuselvan/.espressif/tools/xtensa-esp-elf/esp-15.2.0_20250929/xtensa-esp-elf/xtensa-esp-elf/usr/lib]
  implicit fwks: []


Detecting CXX compiler ABI info compiled with the following output:
Change Dir: /home/muthuselvan/esp/build/CMakeFiles/CMakeTmp

Run Build Command(s):/home/muthuselvan/.local/bin/ninja cmTC_0aa8c && [1/2] Building CXX object CMakeFiles/cmTC_0aa8c.dir/CMakeCXXCompilerABI.cpp.obj
Using built-in specs.
COLLECT_GCC=/home/muthuselvan/.espressif/tools/xtensa-esp-elf/esp-15.2.0_20250929/xtensa-esp-elf/bin/xtensa-esp-elf-g++
Target: xtensa-esp-elf
Configured with: /builds/idf/crosstool-NG/.build/xtensa-esp-elf/src/gcc/configure --build=x86_64-build_pc-linux-gnu --host=x86_64-build_pc-linux-gnu --target=xtensa-esp-elf --prefix=/builds/idf/crosstool-NG/builds/xtensa-esp-elf --exec_prefix=/builds/idf/crosstool-NG/builds/xtensa-esp-elf --with-local-prefix=/builds/idf/crosstool-NG/builds/xtensa-esp-elf/xtensa-esp-elf --with-sysroot=/builds/idf/crosstool-NG/builds/xtensa-esp-elf/xtensa-esp-elf --with-native-system-header-dir=/include --with-headers=/builds/idf/crosstool-NG/builds/xtensa-esp-elf/xtensa-esp-elf/include --with-newlib --enable-threads=no --disable-shared --with-pkgversion='crosstool-NG esp-15.2.0_20250929' --disable-__cxa_atexit --enable-cxx-flags='-ffunction-sections -fdata-sections' --disable-libgomp --disable-libmudflap --disable-libmpx --disable-libssp --disable-libquadmath --disable-libquadmath-support --disable-libstdcxx-verbose --with-gmp=/builds/idf/crosstool-NG/.build/xtensa-esp-elf/buildtools --with-mpfr=/builds/idf/crosstool-NG/.build/xtensa-esp-elf/buildtools --with-mpc=/builds/idf/crosstool-NG/.build/xtensa-esp-elf/buildtools --with-isl=/builds/idf/crosstool-NG/.build/xtensa-esp-elf/buildtools --enable-lto --enable-target-optspace --without-long-double-128 --enable-plugin --disable-nls --enable-multiarch --enable-languages=c,c++ --disable-libstdcxx-verbose --enable-threads=posix --enable-libstdcxx-time=yes --disable-win32-utf8-manifest
Thread model: posix
Supported LTO compression algorithms: zlib zstd
gcc version 15.2.0 (crosstool-NG esp-15.2.0_20250929) 
COLLECT_GCC_OPTIONS='-mdynconfig=xtensa_esp32s3.so' '-mlongcalls' '-fno-builtin-memcpy' '-fno-builtin-memset' '-fno-builtin-bzero' '-v' '-o' 'CMakeFiles/cmTC_0aa8c.dir/CMakeCXXCompilerABI.cpp.obj' '-c' '-dumpdir' 'CMakeFiles/cmTC_0aa8c.dir/'
 /home/muthuselvan/.espressif/tools/xtensa-esp-elf/esp-15.2.0_20250929/xtensa-esp-elf/bin/../libexec/gcc/xtensa-esp-elf/15.2.0/cc1plus -quiet -v -imultilib esp32s3 -iprefix /home/muthuselvan/.espressif/tools/xtensa-esp-elf/esp-15.2.0_20250929/xtensa-esp-elf/bin/../lib/gcc/xtensa-esp-elf/15.2.0/ -isysroot /home/muthuselvan/.espressif/tools/xtensa-esp-elf/esp-15.2.0_20250929/xtensa-esp-elf/bin/../xtensa-esp-elf /usr/share/cmake-3.22/Modules/CMakeCXXCompilerABI.cpp -quiet -dumpdir CMakeFiles/cmTC_0aa8c.dir/ -dumpbase CMakeCXXCompilerABI.cpp.cpp -dumpbase-ext .cpp -mdynconfig=xtensa_esp32s3.so -mlongcalls -version -fno-builtin-memcpy -fno-builtin-memset -fno-builtin-bzero -o /tmp/cc2T1FQx.s
GNU C++17 (crosstool-NG esp-15.2.0_20250929) version 15.2.0 (xtensa-esp-elf)
	compiled by GNU C version 6.3.0, GMP version 6.3.0, MPFR version 4.2.1, MPC version 1.3.1, isl version isl-0.26-GMP

GGC heuristics: --param ggc-min-expand=100 --param ggc-min-heapsize=131072
ignoring duplicate directory "/home/muthuselvan/.espressif/tools/xtensa-esp-elf/esp-15.2.0_20250929/xtensa-esp-elf/bin/../lib/gcc/../../lib/gcc/xtensa-esp-elf/15.2.0/../../../../xtensa-esp-elf/include/c++/15.2.0"
ignoring duplicate directory "/home/muthuselvan/.espressif/tools/xtensa-esp-elf/esp-15.2.0_20250929/xtensa-esp-elf/bin/../lib/gcc/../../lib/gcc/xtensa-esp-elf/15.2.0/../../../../xtensa-esp-elf/include/c++/15.2.0/xtensa-esp-elf/esp32s3"
ignoring duplicate directory "/home/muthuselvan/.espressif/tools/xtensa-esp-elf/esp-15.2.0_20250929/xtensa-esp-elf/bin/../lib/gcc/../../lib/gcc/xtensa-esp-elf/15.2.0/../../../../xtensa-esp-elf/include/c++/15.2.0/backward"
ignoring duplicate directory "/home/muthuselvan/.espressif/tools/xtensa-esp-elf/esp-15.2.0_20250929/xtensa-esp-elf/bin/../lib/gcc/../../lib/gcc/xtensa-esp-elf/15.2.0/include"
ignoring nonexistent directory "/home/muthuselvan/.espressif/tools/xtensa-esp-elf/esp-15.2.0_20250929/xtensa-esp-elf/bin/../xtensa-esp-elf/builds/idf/crosstool-NG/builds/xtensa-esp-elf/xtensa-esp-elf/include"
ignoring duplicate directory "/home/muthuselvan/.espressif/tools/xtensa-esp-elf/esp-15.2.0_20250929/xtensa-esp-elf/bin/../lib/gcc/../../lib/gcc/xtensa-esp-elf/15.2.0/include-fixed"
ignoring duplicate directory "/home/muthuselvan/.espressif/tools/xtensa-esp-elf/esp-15.2.0_20250929/xtensa-esp-elf/bin/../lib/gcc/../../lib/gcc/xtensa-esp-elf/15.2.0/../../../../xtensa-esp-elf/include"
ignoring duplicate directory "/home/muthuselvan/.espressif/tools/xtensa-esp-elf/esp-15.2.0_20250929/xtensa-esp-elf/bin/../xtensa-esp-elf/include"
#include "..." search starts here:
#include <...> search starts here:
 /home/muthuselvan/.espressif/tools/xtensa-esp-elf/esp-15.2.0_20250929/xtensa-esp-elf/bin/../lib/gcc/xtensa-esp-elf/15.2.0/../../../../xtensa-esp-elf/include/c++/15.2.0
 /home/muthuselvan/.espressif/tools/xtensa-esp-elf/esp-15.2.0_20250929/xtensa-esp-elf/bin/../lib/gcc/xtensa-esp-elf/15.2.0/../../../../xtensa-esp-elf/include/c++/15.2.0/xtensa-esp-elf/esp32s3
 /home/muthuselvan/.espressif/tools/xtensa-esp-elf/esp-15.2.0_20250929/xtensa-esp-elf/bin/../lib/gcc/xtensa-esp-elf/15.2.0/../../../../xtensa-esp-elf/include/c++/15.2.0/backward
 /home/muthuselvan/.espressif/tools/xtensa-esp-elf/esp-15.2.0_20250929/xtensa-esp-elf/bin/../lib/gcc/xtensa-esp-elf/15.2.0/include
 /home/muthuselvan/.espressif/tools/xtensa-esp-elf/esp-15.2.0_20250929/xtensa-esp-elf/bin/../lib/gcc/xtensa-esp-elf/15.2.0/include-fixed
 /home/muthuselvan/.espressif/tools/xtensa-esp-elf/esp-15.2.0_20250929/xtensa-esp-elf/bin/../lib/gcc/xtensa-esp-elf/15.2.0/../../../../xtensa-esp-elf/include
End of search list.
Compiler executable checksum: 9c69ddd490455fb66ab99244320ba10f
COLLECT_GCC_OPTIONS='-mdynconfig=xtensa_esp32s3.so' '-mlongcalls' '-fno-builtin-memcpy' '-fno-builtin-memset' '-fno-builtin-bzero' '-v' '-o' 'CMakeFiles/cmTC_0aa8c.dir/CMakeCXXCompilerABI.cpp.obj' '-c' '-dumpdir' 'CMakeFiles/cmTC_0aa8c.dir/'
 /home/muthuselvan/.espressif/tools/xtensa-esp-elf/esp-15.2.0_20250929/xtensa-esp-elf/bin/../lib/gcc/xtensa-esp-elf/15.2.0/../../../../xtensa-esp-elf/bin/as --traditional-format --longcalls --dynconfig=xtensa_esp32s3.so -o CMakeFiles/cmTC_0aa8c.dir/CMakeCXXCompilerABI.cpp.obj /tmp/cc2T1FQx.s
COMPILER_PATH=/home/muthuselvan/.espressif/tools/xtensa-esp-elf/esp-15.2.0_20250929/xtensa-esp-elf/bin/../libexec/gcc/xtensa-esp-elf/15.2.0/:/home/muthuselvan/.espressif/tools/xtensa-esp-elf/esp-15.2.0_20250929/xtensa-esp-elf/bin/../libexec/gcc/:/home/muthuselvan/.espressif/tools/xtensa-esp-elf/esp-15.2.0_20250929/xtensa-esp-elf/bin/../lib/gcc/xtensa-esp-elf/15.2.0/../../../../xtensa-esp-elf/bin/
LIBRARY_PATH=/home/muthuselvan/.espressif/tools/xtensa-esp-elf/esp-15.2.0_20250929/xtensa-esp-elf/bin/../lib/gcc/xtensa-esp-elf/15.2.0/esp32s3/:/home/muthuselvan/.espressif/tools/xtensa-esp-elf/esp-15.2.0_20250929/xtensa-esp-elf/bin/../lib/gcc/xtensa-esp-elf/15.2.0/../../../../xtensa-esp-elf/lib/esp32s3/:/home/muthuselvan/.espressif/tools/xtensa-esp-elf/esp-15.2.0_20250929/xtensa-esp-elf/bin/../xtensa-esp-elf/lib/esp32s3/:/home/muthuselvan/.espressif/tools/xtensa-esp-elf/esp-15.2.0_20250929/xtensa-esp-elf/bin/../lib/gcc/xtensa-esp-elf/15.2.0/:/home/muthuselvan/.espressif/tools/xtensa-esp-elf/esp-15.2.0_20250929/xtensa-esp-elf/bin/../lib/gcc/:/home/muthuselvan/.espressif/tools/xtensa-esp-elf/esp-15.2.0_20250929/xtensa-esp-elf/bin/../lib/gcc/xtensa-esp-elf/15.2.0/../../../../xtensa-esp-elf/lib/:/home/muthuselvan/.espressif/tools/xtensa-esp-elf/esp-15.2.0_20250929/xtensa-esp-elf/bin/../xtensa-esp-elf/lib/:/home/muthuselvan/.espressif/tools/xtensa-esp-elf/esp-15.2.0_20250929/xtensa-esp-elf/bin/../xtensa-esp-elf/usr/lib/
COLLECT_GCC_OPTIONS='-mdynconfig=xtensa_esp32s3.so' '-mlongcalls' '-fno-builtin-memcpy' '-fno-builtin-memset' '-fno-builtin-bzero' '-v' '-o' 'CMakeFiles/cmTC_0aa8c.dir/CMakeCXXCompilerABI.cpp.obj' '-c' '-dumpdir' 'CMakeFiles/cmTC_0aa8c.dir/CMakeCXXCompilerABI.cpp.'
[2/2] Linking CXX executable cmTC_0aa8c
Using built-in specs.
COLLECT_GCC=/home/muthuselvan/.espressif/tools/xtensa-esp-elf/esp-15.2.0_20250929/xtensa-esp-elf/bin/xtensa-esp-elf-g++
COLLECT_LTO_WRAPPER=/home/muthuselvan/.espressif/tools/xtensa-esp-elf/esp-15.2.0_20250929/xtensa-esp-elf/bin/../libexec/gcc/xtensa-esp-elf/15.2.0/lto-wrapper
Target: xtensa-esp-elf
Configured with: /builds/idf/crosstool-NG/.build/xtensa-esp-elf/src/gcc/configure --build=x86_64-build_pc-linux-gnu --host=x86_64-build_pc-linux-gnu --target=xtensa-esp-elf --prefix=/builds/idf/crosstool-NG/builds/xtensa-esp-elf --exec_prefix=/builds/idf/crosstool-NG/builds/xtensa-esp-elf --with-local-prefix=/builds/idf/crosstool-NG/builds/xtensa-esp-elf/xtensa-esp-elf --with-sysroot=/builds/idf/crosstool-NG/builds/xtensa-esp-elf/xtensa-esp-elf --with-native-system-header-dir=/include --with-headers=/builds/idf/crosstool-NG/builds/xtensa-esp-elf/xtensa-esp-elf/include --with-newlib --enable-threads=no --disable-shared --with-pkgversion='crosstool-NG esp-15.2.0_20250929' --disable-__cxa_atexit --enable-cxx-flags='-ffunction-sections -fdata-sections' --disable-libgomp --disable-libmudflap --disable-libmpx --disable-libssp --disable-libquadmath --disable-libquadmath-support --disable-libstdcxx-verbose --with-gmp=/builds/idf/crosstool-NG/.build/xtensa-esp-elf/buildtools --with-mpfr=/builds/idf/crosstool-NG/.build/xtensa-esp-elf/buildtools --with-mpc=/builds/idf/crosstool-NG/.build/xtensa-esp-elf/buildtools --with-isl=/builds/idf/crosstool-NG/.build/xtensa-esp-elf/buildtools --enable-lto --enable-target-optspace --without-long-double-128 --enable-plugin --disable-nls --enable-multiarch --enable-languages=c,c++ --disable-libstdcxx-verbose --enable-threads=posix --enable-libstdcxx-time=yes --disable-win32-utf8-manifest
Thread model: posix
Supported LTO compression algorithms: zlib zstd
gcc version 15.2.0 (crosstool-NG esp-15.2.0_20250929) 
COMPILER_PATH=/home/muthuselvan/.espressif/tools/xtensa-esp-elf/esp-15.2.0_20250929/xtensa-esp-elf/bin/../libexec/gcc/xtensa-esp-elf/15.2.0/:/home/muthuselvan/.espressif/tools/xtensa-esp-elf/esp-15.2.0_20250929/xtensa-esp-elf/bin/../libexec/gcc/:/home/muthuselvan/.espressif/tools/xtensa-esp-elf/esp-15.2.0_20250929/xtensa-esp-elf/bin/../lib/gcc/xtensa-esp-elf/15.2.0/../../../../xtensa-esp-elf/bin/
LIBRARY_PATH=/home/muthuselvan/.espressif/tools/xtensa-esp-elf/esp-15.2.0_20250929/xtensa-esp-elf/bin/../lib/gcc/xtensa-esp-elf/15.2.0/esp32s3/:/home/muthuselvan/.espressif/tools/xtensa-esp-elf/esp-15.2.0_20250929/xtensa-esp-elf/bin/../lib/gcc/xtensa-esp-elf/15.2.0/../../../../xtensa-esp-elf/lib/esp32s3/:/home/muthuselvan/.espressif/tools/xtensa-esp-elf/esp-15.2.0_20250929/xtensa-esp-elf/bin/../xtensa-esp-elf/lib/esp32s3/:/home/muthuselvan/.espressif/tools/xtensa-esp-elf/esp-15.2.0_20250929/xtensa-esp-elf/bin/../lib/gcc/xtensa-esp-elf/15.2.0/:/home/muthuselvan/.espressif/tools/xtensa-esp-elf/esp-15.2.0_20250929/xtensa-esp-elf/bin/../lib/gcc/:/home/muthuselvan/.espressif/tools/xtensa-esp-elf/esp-15.2.0_20250929/xtensa-esp-elf/bin/../lib/gcc/xtensa-esp-elf/15.2.0/../../../../xtensa-esp-elf/lib/:/home/muthuselvan/.espressif/tools/xtensa-esp-elf/esp-15.2.0_20250929/xtensa-esp-elf/bin/../xtensa-esp-elf/lib/:/home/muthuselvan/.espressif/tools/xtensa-esp-elf/esp-15.2.0_20250929/xtensa-esp-elf/bin/../xtensa-esp-elf/usr/lib/
COLLECT_GCC_OPTIONS='-mdynconfig=xtensa_esp32s3.so' '-mlongcalls' '-fno-builtin-memcpy' '-fno-builtin-memset' '-fno-builtin-bzero' '-nostartfiles' '-v' '-o' 'cmTC_0aa8c' '-dumpdir' 'cmTC_0aa8c.'
 /home/muthuselvan/.espressif/tools/xtensa-esp-elf/esp-15.2.0_20250929/xtensa-esp-elf/bin/../libexec/gcc/xtensa-esp-elf/15.2.0/collect2 -plugin /home/muthuselvan/.espressif/tools/xtensa-esp-elf/esp-15.2.0_20250929/xtensa-esp-elf/bin/../libexec/gcc/xtensa-esp-elf/15.2.0/liblto_plugin.so -plugin-opt=/home/muthuselvan/.espressif/tools/xtensa-esp-elf/esp-15.2.0_20250929/xtensa-esp-elf/bin/../libexec/gcc/xtensa-esp-elf/15.2.0/lto-wrapper -plugin-opt=-fresolution=/tmp/ccQqK7ML.res -plugin-opt=-pass-through=-lgcc -plugin-opt=-pass-through=-lc -plugin-opt=-pass-through=-lnosys -plugin-opt=-pass-through=-lc -plugin-opt=-pass-through=-lgcc --sysroot=/home/muthuselvan/.espressif/tools/xtensa-esp-elf/esp-15.2.0_20250929/xtensa-esp-elf/bin/../xtensa-esp-elf --dynconfig=xtensa_esp32s3.so -o cmTC_0aa8c -L/home/muthuselvan/.espressif/tools/xtensa-esp-elf/esp-15.2.0_20250929/xtensa-esp-elf/bin/../lib/gcc/xtensa-esp-elf/15.2.0/esp32s3 -L/home/muthuselvan/.espressif/tools/xtensa-esp-elf/esp-15.2.0_20250929/xtensa-esp-elf/bin/../lib/gcc/xtensa-esp-elf/15.2.0/../../../../xtensa-esp-elf/lib/esp32s3 -L/home/muthuselvan/.espressif/tools/xtensa-esp-elf/esp-15.2.0_20250929/xtensa-esp-elf/bin/../xtensa-esp-elf/lib/esp32s3 -L/home/muthuselvan/.espressif/tools/xtensa-esp-elf/esp-15.2.0_20250929/xtensa-esp-elf/bin/../lib/gcc/xtensa-esp-elf/15.2.0 -L/home/muthuselvan/.espressif/tools/xtensa-esp-elf/esp-15.2.0_20250929/xtensa-esp-elf/bin/../lib/gcc -L/home/muthuselvan/.espressif/tools/xtensa-esp-elf/esp-15.2.0_20250929/xtensa-esp-elf/bin/../lib/gcc/xtensa-esp-elf/15.2.0/../../../../xtensa-esp-elf/lib -L/home/muthuselvan/.espressif/tools/xtensa-esp-elf/esp-15.2.0_20250929/xtensa-esp-elf/bin/../xtensa-esp-elf/lib -L/home/muthuselvan/.espressif/tools/xtensa-esp-elf/esp-15.2.0_20250929/xtensa-esp-elf/bin/../xtensa-esp-elf/usr/lib @/tmp/ccoJOlN2 -lgcc -lc -lnosys -lc -lgcc
/home/muthuselvan/.espressif/tools/xtensa-esp-elf/esp-15.2.0_20250929/xtensa-esp-elf/bin/../lib/gcc/xtensa-esp-elf/15.2.0/../../../../xtensa-esp-elf/bin/ld: warning: cannot find entry symbol _start; defaulting to 00400054
COLLECT_GCC_OPTIONS='-mdynconfig=xtensa_esp32s3.so' '-mlongcalls' '-fno-builtin-memcpy' '-fno-builtin-memset' '-fno-builtin-bzero' '-nostartfiles' '-v' '-o' 'cmTC_0aa8c' '-dumpdir' 'cmTC_0aa8c.'



Parsed CXX implicit include dir info from above output: rv=done
  found start of include info
  found start of implicit include info
    add: [/home/muthuselvan/.espressif/tools/xtensa-esp-elf/esp-15.2.0_20250929/xtensa-esp-elf/bin/../lib/gcc/xtensa-esp-elf/15.2.0/../../../../xtensa-esp-elf/include/c++/15.2.0]
    add: [/home/muthuselvan/.espressif/tools/xtensa-esp-elf/esp-15.2.0_20250929/xtensa-esp-elf/bin/../lib/gcc/xtensa-esp-elf/15.2.0/../../../../xtensa-esp-elf/include/c++/15.2.0/xtensa-esp-elf/esp32s3]
    add: [/home/muthuselvan/.espressif/tools/xtensa-esp-elf/esp-15.2.0_20250929/xtensa-esp-elf/bin/../lib/gcc/xtensa-esp-elf/15.2.0/../../../../xtensa-esp-elf/include/c++/15.2.0/backward]
    add: [/home/muthuselvan/.espressif/tools/xtensa-esp-elf/esp-15.2.0_20250929/xtensa-esp-elf/bin/../lib/gcc/xtensa-esp-elf/15.2.0/include]
    add: [/home/muthuselvan/.espressif/tools/xtensa-esp-elf/esp-15.2.0_20250929/xtensa-esp-elf/bin/../lib/gcc/xtensa-esp-elf/15.2.0/include-fixed]
    add: [/home/muthuselvan/.espressif/tools/xtensa-esp-elf/esp-15.2.0_20250929/xtensa-esp-elf/bin/../lib/gcc/xtensa-esp-elf/15.2.0/../../../../xtensa-esp-elf/include]
  end of search list found
  collapse include dir [/home/muthuselvan/.espressif/tools/xtensa-esp-elf/esp-15.2.0_20250929/xtensa-esp-elf/bin/../lib/gcc/xtensa-esp-elf/15.2.0/../../../../xtensa-esp-elf/include/c++/15.2.0] ==> [/home/muthuselvan/.espressif/tools/xtensa-esp-elf/esp-15.2.0_20250929/xtensa-esp-elf/xtensa-esp-elf/include/c++/15.2.0]
  collapse include dir [/home/muthuselvan/.espressif/tools/xtensa-esp-elf/esp-15.2.0_20250929/xtensa-esp-elf/bin/../lib/gcc/xtensa-esp-elf/15.2.0/../../../../xtensa-esp-elf/include/c++/15.2.0/xtensa-esp-elf/esp32s3] ==> [/home/muthuselvan/.espressif/tools/xtensa-esp-elf/esp-15.2.0_20250929/xtensa-esp-elf/xtensa-esp-elf/include/c++/15.2.0/xtensa-esp-elf/esp32s3]
  collapse include dir [/home/muthuselvan/.espressif/tools/xtensa-esp-elf/esp-15.2.0_20250929/xtensa-esp-elf/bin/../lib/gcc/xtensa-esp-elf/15.2.0/../../../../xtensa-esp-elf/include/c++/15.2.0/backward] ==> [/home/muthuselvan/.espressif/tools/xtensa-esp-elf/esp-15.2.0_20250929/xtensa-esp-elf/xtensa-esp-elf/include/c++/15.2.0/backward]
  collapse include dir [/home/muthuselvan/.espressif/tools/xtensa-esp-elf/esp-15.2.0_20250929/xtensa-esp-elf/bin/../lib/gcc/xtensa-esp-elf/15.2.0/include] ==> [/home/muthuselvan/.espressif/tools/xtensa-esp-elf/esp-15.2.0_20250929/xtensa-esp-elf/lib/gcc/xtensa-esp-elf/15.2.0/include]
  collapse include dir [/home/muthuselvan/.espressif/tools/xtensa-esp-elf/esp-15.2.0_20250929/xtensa-esp-elf/bin/../lib/gcc/xtensa-esp-elf/15.2.0/include-fixed] ==> [/home/muthuselvan/.espressif/tools/xtensa-esp-elf/esp-15.2.0_20250929/xtensa-esp-elf/lib/gcc/xtensa-esp-elf/15.2.0/include-fixed]
  collapse include dir [/home/muthuselvan/.espressif/tools/xtensa-esp-elf/esp-15.2.0_20250929/xtensa-esp-elf/bin/../lib/gcc/xtensa-esp-elf/15.2.0/../../../../xtensa-esp-elf/include] ==> [/home/muthuselvan/.espressif/tools/xtensa-esp-elf/esp-15.2.0_20250929/xtensa-esp-elf/xtensa-esp-elf/include]
  implicit include dirs: [/home/muthuselvan/.espressif/tools/xtensa-esp-elf/esp-15.2.0_20250929/xtensa-esp-elf/xtensa-esp-elf/include/c++/15.2.0;/home/muthuselvan/.espressif/tools/xtensa-esp-elf/esp-15.2.0_20250929/xtensa-esp-elf/xtensa-esp-elf/include/c++/15.2.0/xtensa-esp-elf/esp32s3;/home/muthuselvan/.espressif/tools/xtensa-esp-elf/esp-15.2.0_20250929/xtensa-esp-elf/xtensa-esp-elf/include/c++/15.2.0/backward;/home/muthuselvan/.espressif/tools/xtensa-esp-elf/esp-15.2.0_20250929/xtensa-esp-elf/lib/gcc/xtensa-esp-elf/15.2.0/include;/home/muthuselvan/.espressif/tools/xtensa-esp-elf/esp-15.2.0_20250929/xtensa-esp-elf/lib/gcc/xtensa-esp-elf/15.2.0/include-fixed;/home/muthuselvan/.espressif/tools/xtensa-esp-elf/esp-15.2.0_20250929/xtensa-esp-elf/xtensa-esp-elf/include]


Parsed CXX implicit link information from above output:
  link line regex: [^( *|.*[/\])(xtensa-esp32s3-elf-ld|CMAKE_LINK_STARTFILE-NOTFOUND|([^/\]+-)?ld|collect2)[^/\]*( |$)]
  ignore line: [Change Dir: /home/muthuselvan/esp/build/CMakeFiles/CMakeTmp]
  ignore line: []
  ignore line: [Run Build Command(s):/home/muthuselvan/.local/bin/ninja cmTC_0aa8c && [1/2] Building CXX object CMakeFiles/cmTC_0aa8c.dir/CMakeCXXCompilerABI.cpp.obj]
  ignore line: [Using built-in specs.]
  ignore line: [COLLECT_GCC=/home/muthuselvan/.espressif/tools/xtensa-esp-elf/esp-15.2.0_20250929/xtensa-esp-elf/bin/xtensa-esp-elf-g++]
  ignore line: [Target: xtensa-esp-elf]
  ignore line: [Configured with: /builds/idf/crosstool-NG/.build/xtensa-esp-elf/src/gcc/configure --build=x86_64-build_pc-linux-gnu --host=x86_64-build_pc-linux-gnu --target=xtensa-esp-elf --prefix=/builds/idf/crosstool-NG/builds/xtensa-esp-elf --exec_prefix=/builds/idf/crosstool-NG/builds/xtensa-esp-elf --with-local-prefix=/builds/idf/crosstool-NG/builds/xtensa-esp-elf/xtensa-esp-elf --with-sysroot=/builds/idf/crosstool-NG/builds/xtensa-esp-elf/xtensa-esp-elf --with-native-system-header-dir=/include --with-headers=/builds/idf/crosstool-NG/builds/xtensa-esp-elf/xtensa-esp-elf/include --with-newlib --enable-threads=no --disable-shared --with-pkgversion='crosstool-NG esp-15.2.0_20250929' --disable-__cxa_atexit --enable-cxx-flags='-ffunction-sections -fdata-sections' --disable-libgomp --disable-libmudflap --disable-libmpx --disable-libssp --disable-libquadmath --disable-libquadmath-support --disable-libstdcxx-verbose --with-gmp=/builds/idf/crosstool-NG/.build/xtensa-esp-elf/buildtools --with-mpfr=/builds/idf/crosstool-NG/.build/xtensa-esp-elf/buildtools --with-mpc=/builds/idf/crosstool-NG/.build/xtensa-esp-elf/buildtools --with-isl=/builds/idf/crosstool-NG/.build/xtensa-esp-elf/buildtools --enable-lto --enable-target-optspace --without-long-double-128 --enable-plugin --disable-nls --enable-multiarch --enable-languages=c c++ --disable-libstdcxx-verbose --enable-threads=posix --enable-libstdcxx-time=yes --disable-win32-utf8-manifest]
  ignore line: [Thread model: posix]
  ignore line: [Supported LTO compression algorithms: zlib zstd]
  ignore line: [gcc version 15.2.0 (crosstool-NG esp-15.2.0_20250929) ]
  ignore line: [COLLECT_GCC_OPTIONS='-mdynconfig=xtensa_esp32s3.so' '-mlongcalls' '-fno-builtin-memcpy' '-fno-builtin-memset' '-fno-builtin-bzero' '-v' '-o' 'CMakeFiles/cmTC_0aa8c.dir/CMakeCXXCompilerABI.cpp.obj' '-c' '-dumpdir' 'CMakeFiles/cmTC_0aa8c.dir/']
  ignore line: [ /home/muthuselvan/.espressif/tools/xtensa-esp-elf/esp-15.2.0_20250929/xtensa-esp-elf/bin/../libexec/gcc/xtensa-esp-elf/15.2.0/cc1plus -quiet -v -imultilib esp32s3 -iprefix /home/muthuselvan/.espressif/tools/xtensa-esp-elf/esp-15.2.0_20250929/xtensa-esp-elf/bin/../lib/gcc/xtensa-esp-elf/15.2.0/ -isysroot /home/muthuselvan/.espressif/tools/xtensa-esp-elf/esp-15.2.0_20250929/xtensa-esp-elf/bin/../xtensa-esp-elf /usr/share/cmake-3.22/Modules/CMakeCXXCompilerABI.cpp -quiet -dumpdir CMakeFiles/cmTC_0aa8c.dir/ -dumpbase CMakeCXXCompilerABI.cpp.cpp -dumpbase-ext .cpp -mdynconfig=xtensa_esp32s3.so -mlongcalls -version -fno-builtin-memcpy -fno-builtin-memset -fno-builtin-bzero -o /tmp/cc2T1FQx.s]
  ignore line: [GNU C++17 (crosstool-NG esp-15.2.0_20250929) version 15.2.0 (xtensa-esp-elf)]
  ignore line: [	compiled by GNU C version 6.3.0  GMP version 6.3.0  MPFR version 4.2.1  MPC version 1.3.1  isl version isl-0.26-GMP]
  ignore line: []
  ignore line: [GGC heuristics: --param ggc-min-expand=100 --param ggc-min-heapsize=131072]
  ignore line: [ignoring duplicate directory "/home/muthuselvan/.espressif/tools/xtensa-esp-elf/esp-15.2.0_20250929/xtensa-esp-elf/bin/../lib/gcc/../../lib/gcc/xtensa-esp-elf/15.2.0/../../../../xtensa-esp-elf/include/c++/15.2.0"]
  ignore line: [ignoring duplicate directory "/home/muthuselvan/.espressif/tools/xtensa-esp-elf/esp-15.2.0_20250929/xtensa-esp-elf/bin/../lib/gcc/../../lib/gcc/xtensa-esp-elf/15.2.0/../../../../xtensa-esp-elf/include/c++/15.2.0/xtensa-esp-elf/esp32s3"]
  ignore line: [ignoring duplicate directory "/home/muthuselvan/.espressif/tools/xtensa-esp-elf/esp-15.2.0_20250929/xtensa-esp-elf/bin/../lib/gcc/../../lib/gcc/xtensa-esp-elf/15.2.0/../../../../xtensa-esp-elf/include/c++/15.2.0/backward"]
  ignore line: [ignoring duplicate directory "/home/muthuselvan/.espressif/tools/xtensa-esp-elf/esp-15.2.0_20250929/xtensa-esp-elf/bin/../lib/gcc/../../lib/gcc/xtensa-esp-elf/15.2.0/include"]
  ignore line: [ignoring nonexistent directory "/home/muthuselvan/.espressif/tools/xtensa-esp-elf/esp-15.2.0_20250929/xtensa-esp-elf/bin/../xtensa-esp-elf/builds/idf/crosstool-NG/builds/xtensa-esp-elf/xtensa-esp-elf/include"]
  ignore line: [ignoring duplicate directory "/home/muthuselvan/.espressif/tools/xtensa-esp-elf/esp-15.2.0_20250929/xtensa-esp-elf/bin/../lib/gcc/../../lib/gcc/xtensa-esp-elf/15.2.0/include-fixed"]
  ignore line: [ignoring duplicate directory "/home/muthuselvan/.espressif/tools/xtensa-esp-elf/esp-15.2.0_20250929/xtensa-esp-elf/bin/../lib/gcc/../../lib/gcc/xtensa-esp-elf/15.2.0/../../../../xtensa-esp-elf/include"]
  ignore line: [ignoring duplicate directory "/home/muthuselvan/.espressif/tools/xtensa-esp-elf/esp-15.2.0_20250929/xtensa-esp-elf/bin/../xtensa-esp-elf/include"]
  ignore line: [#include "..." search starts here:]
  ignore line: [#include <...> search starts here:]
  ignore line: [ /home/muthuselvan/.espressif/tools/xtensa-esp-elf/esp-15.2.0_20250929/xtensa-esp-elf/bin/../lib/gcc/xtensa-esp-elf/15.2.0/../../../../xtensa-esp-elf/include/c++/15.2.0]
  ignore line: [ /home/muthuselvan/.espressif/tools/xtensa-esp-elf/esp-15.2.0_20250929/xtensa-esp-elf/bin/../lib/gcc/xtensa-esp-elf/15.2.0/../../../../xtensa-esp-elf/include/c++/15.2.0/xtensa-esp-elf/esp32s3]
  ignore line: [ /home/muthuselvan/.espressif/tools/xtensa-esp-elf/esp-15.2.0_20250929/xtensa-esp-elf/bin/../lib/gcc/xtensa-esp-elf/15.2.0/../../../../xtensa-esp-elf/include/c++/15.2.0/backward]
  ignore line: [ /home/muthuselvan/.espressif/tools/xtensa-esp-elf/esp-15.2.0_20250929/xtensa-esp-elf/bin/../lib/gcc/xtensa-esp-elf/15.2.0/include]
  ignore line: [ /home/muthuselvan/.espressif/tools/xtensa-esp-elf/esp-15.2.0_20250929/xtensa-esp-elf/bin/../lib/gcc/xtensa-esp-elf/15.2.0/include-fixed]
  ignore line: [ /home/muthuselvan/.espressif/tools/xtensa-esp-elf/esp-15.2.0_20250929/xtensa-esp-elf/bin/../lib/gcc/xtensa-esp-elf/15.2.0/../../../../xtensa-esp-elf/include]
  ignore line: [End of search list.]
  ignore line: [Compiler executable checksum: 9c69ddd490455fb66ab99244320ba10f]
  ignore line: [COLLECT_GCC_OPTIONS='-mdynconfig=xtensa_esp32s3.so' '-mlongcalls' '-fno-builtin-memcpy' '-fno-builtin-memset' '-fno-builtin-bzero' '-v' '-o' 'CMakeFiles/cmTC_0aa8c.dir/CMakeCXXCompilerABI.cpp.obj' '-c' '-dumpdir' 'CMakeFiles/cmTC_0aa8c.dir/']
  ignore line: [ /home/muthuselvan/.espressif/tools/xtensa-esp-elf/esp-15.2.0_20250929/xtensa-esp-elf/bin/../lib/gcc/xtensa-esp-elf/15.2.0/../../../../xtensa-esp-elf/bin/as --traditional-format --longcalls --dynconfig=xtensa_esp32s3.so -o CMakeFiles/cmTC_0aa8c.dir/CMakeCXXCompilerABI.cpp.obj /tmp/cc2T1FQx.s]
  ignore line: [COMPILER_PATH=/home/muthuselvan/.espressif/tools/xtensa-esp-elf/esp-15.2.0_20250929/xtensa-esp-elf/bin/../libexec/gcc/xtensa-esp-elf/15.2.0/:/home/muthuselvan/.espressif/tools/xtensa-esp-elf/esp-15.2.0_20250929/xtensa-esp-elf/bin/../libexec/gcc/:/home/muthuselvan/.espressif/tools/xtensa-esp-elf/esp-15.2.0_20250929/xtensa-esp-elf/bin/../lib/gcc/xtensa-esp-elf/15.2.0/../../../../xtensa-esp-elf/bin/]
  ignore line: [LIBRARY_PATH=/home/muthuselvan/.espressif/tools/xtensa-esp-elf/esp-15.2.0_20250929/xtensa-esp-elf/bin/../lib/gcc/xtensa-esp-elf/15.2.0/esp32s3/:/home/muthuselvan/.espressif/tools/xtensa-esp-elf/esp-15.2.0_20250929/xtensa-esp-elf/bin/../lib/gcc/xtensa-esp-elf/15.2.0/../../../../xtensa-esp-elf/lib/esp32s3/:/home/muthuselvan/.espressif/tools/xtensa-esp-elf/esp-15.2.0_20250929/xtensa-esp-elf/bin/../xtensa-esp-elf/lib/esp32s3/:/home/muthuselvan/.espressif/tools/xtensa-esp-elf/esp-15.2.0_20250929/xtensa-esp-elf/bin/../lib/gcc/xtensa-esp-elf/15.2.0/:/home/muthuselvan/.espressif/tools/xtensa-esp-elf/esp-15.2.0_20250929/xtensa-esp-elf/bin/../lib/gcc/:/home/muthuselvan/.espressif/tools/xtensa-esp-elf/esp-15.2.0_20250929/xtensa-esp-elf/bin/../lib/gcc/xtensa-esp-elf/15.2.0/../../../../xtensa-esp-elf/lib/:/home/muthuselvan/.espressif/tools/xtensa-esp-elf/esp-15.2.0_20250929/xtensa-esp-elf/bin/../xtensa-esp-elf/lib/:/home/muthuselvan/.espressif/tools/xtensa-esp-elf/esp-15.2.0_20250929/xtensa-esp-elf/bin/../xtensa-esp-elf/usr/lib/]
  ignore line: [COLLECT_GCC_OPTIONS='-mdynconfig=xtensa_esp32s3.so' '-mlongcalls' '-fno-builtin-memcpy' '-fno-builtin-memset' '-fno-builtin-bzero' '-v' '-o' 'CMakeFiles/cmTC_0aa8c.dir/CMakeCXXCompilerABI.cpp.obj' '-c' '-dumpdir' 'CMakeFiles/cmTC_0aa8c.dir/CMakeCXXCompilerABI.cpp.']
  ignore line: [[2/2] Linking CXX executable cmTC_0aa8c]
  ignore line: [Using built-in specs.]
  ignore line: [COLLECT_GCC=/home/muthuselvan/.espressif/tools/xtensa-esp-elf/esp-15.2.0_20250929/xtensa-esp-elf/bin/xtensa-esp-elf-g++]
  ignore line: [COLLECT_LTO_WRAPPER=/home/muthuselvan/.espressif/tools/xtensa-esp-elf/esp-15.2.0_20250929/xtensa-esp-elf/bin/../libexec/gcc/xtensa-esp-elf/15.2.0/lto-wrapper]
  ignore line: [Target: xtensa-esp-elf]
  ignore line: [Configured with: /builds/idf/crosstool-NG/.build/xtensa-esp-elf/src/gcc/configure --build=x86_64-build_pc-linux-gnu --host=x86_64-build_pc-linux-gnu --target=xtensa-esp-elf --prefix=/builds/idf/crosstool-NG/builds/xtensa-esp-elf --exec_prefix=/builds/idf/crosstool-NG/builds/xtensa-esp-elf --with-local-prefix=/builds/idf/crosstool-NG/builds/xtensa-esp-elf/xtensa-esp-elf --with-sysroot=/builds/idf/crosstool-NG/builds/xtensa-esp-elf/xtensa-esp-elf --with-native-system-header-dir=/include --with-headers=/builds/idf/crosstool-NG/builds/xtensa-esp-elf/xtensa-esp-elf/include --with-newlib --enable-threads=no --disable-shared --with-pkgversion='crosstool-NG esp-15.2.0_20250929' --disable-__cxa_atexit --enable-cxx-flags='-ffunction-sections -fdata-sections' --disable-libgomp --disable-libmudflap --disable-libmpx --disable-libssp --disable-libquadmath --disable-libquadmath-support --disable-libstdcxx-verbose --with-gmp=/builds/idf/crosstool-NG/.build/xtensa-esp-elf/buildtools --with-mpfr=/builds/idf/crosstool-NG/.build/xtensa-esp-elf/buildtools --with-mpc=/builds/idf/crosstool-NG/.build/xtensa-esp-elf/buildtools --with-isl=/builds/idf/crosstool-NG/.build/xtensa-esp-elf/buildtools --enable-lto --enable-target-optspace --without-long-double-128 --enable-plugin --disable-nls --enable-multiarch --enable-languages=c c++ --disable-libstdcxx-verbose --enable-threads=posix --enable-libstdcxx-time=yes --disable-win32-utf8-manifest]
  ignore line: [Thread model: posix]
  ignore line: [Supported LTO compression algorithms: zlib zstd]
  ignore line: [gcc version 15.2.0 (crosstool-NG esp-15.2.0_20250929) ]
  ignore line: [COMPILER_PATH=/home/muthuselvan/.espressif/tools/xtensa-esp-elf/esp-15.2.0_20250929/xtensa-esp-elf/bin/../libexec/gcc/xtensa-esp-elf/15.2.0/:/home/muthuselvan/.espressif/tools/xtensa-esp-elf/esp-15.2.0_20250929/xtensa-esp-elf/bin/../libexec/gcc/:/home/muthuselvan/.espressif/tools/xtensa-esp-elf/esp-15.2.0_20250929/xtensa-esp-elf/bin/../lib/gcc/xtensa-esp-elf/15.2.0/../../../../xtensa-esp-elf/bin/]
  ignore line: [LIBRARY_PATH=/home/muthuselvan/.espressif/tools/xtensa-esp-elf/esp-15.2.0_20250929/xtensa-esp-elf/bin/../lib/gcc/xtensa-esp-elf/15.2.0/esp32s3/:/home/muthuselvan/.espressif/tools/xtensa-esp-elf/esp-15.2.0_20250929/xtensa-esp-elf/bin/../lib/gcc/xtensa-esp-elf/15.2.0/../../../../xtensa-esp-elf/lib/esp32s3/:/home/muthuselvan/.espressif/tools/xtensa-esp-elf/esp-15.2.0_20250929/xtensa-esp-elf/bin/../xtensa-esp-elf/lib/esp32s3/:/home/muthuselvan/.espressif/tools/xtensa-esp-elf/esp-15.2.0_20250929/xtensa-esp-elf/bin/../lib/gcc/xtensa-esp-elf/15.2.0/:/home/muthuselvan/.espressif/tools/xtensa-esp-elf/esp-15.2.0_20250929/xtensa-esp-elf/bin/../lib/gcc/:/home/muthuselvan/.espressif/tools/xtensa-esp-elf/esp-15.2.0_20250929/xtensa-esp-elf/bin/../lib/gcc/xtensa-esp-elf/15.2.0/../../../../xtensa-esp-elf/lib/:/home/muthuselvan/.espressif/tools/xtensa-esp-elf/esp-15.2.0_20250929/xtensa-esp-elf/bin/../xtensa-esp-elf/lib/:/home/muthuselvan/.espressif/tools/xtensa-esp-elf/esp-15.2.0_20250929/xtensa-esp-elf/bin/../xtensa-esp-elf/usr/lib/]
  ignore line: [COLLECT_GCC_OPTIONS='-mdynconfig=xtensa_esp32s3.so' '-mlongcalls' '-fno-builtin-memcpy' '-fno-builtin-memset' '-fno-builtin-bzero' '-nostartfiles' '-v' '-o' 'cmTC_0aa8c' '-dumpdir' 'cmTC_0aa8c.']
  link line: [ /home/muthuselvan/.espressif/tools/xtensa-esp-elf/esp-15.2.0_20250929/xtensa-esp-elf/bin/../libexec/gcc/xtensa-esp-elf/15.2.0/collect2 -plugin /home/muthuselvan/.espressif/tools/xtensa-esp-elf/esp-15.2.0_20250929/xtensa-esp-elf/bin/../libexec/gcc/xtensa-esp-elf/15.2.0/liblto_plugin.so -plugin-opt=/home/muthuselvan/.espressif/tools/xtensa-esp-elf/esp-15.2.0_20250929/xtensa-esp-elf/bin/../libexec/gcc/xtensa-esp-elf/15.2.0/lto-wrapper -plugin-opt=-fresolution=/tmp/ccQqK7ML.res -plugin-opt=-pass-through=-lgcc -plugin-opt=-pass-through=-lc -plugin-opt=-pass-through=-lnosys -plugin-opt=-pass-through=-lc -plugin-opt=-pass-through=-lgcc --sysroot=/home/muthuselvan/.espressif/tools/xtensa-esp-elf/esp-15.2.0_20250929/xtensa-esp-elf/bin/../xtensa-esp-elf --dynconfig=xtensa_esp32s3.so -o cmTC_0aa8c -L/home/muthuselvan/.espressif/tools/xtensa-esp-elf/esp-15.2.0_20250929/xtensa-esp-elf/bin/../lib/gcc/xtensa-esp-elf/15.2.0/esp32s3 -L/home/muthuselvan/.espressif/tools/xtensa-esp-elf/esp-15.2.0_20250929/xtensa-esp-elf/bin/../lib/gcc/xtensa-esp-elf/15.2.0/../../../../xtensa-esp-elf/lib/esp32s3 -L/home/muthuselvan/.espressif/tools/xtensa-esp-elf/esp-15.2.0_20250929/xtensa-esp-elf/bin/../xtensa-esp-elf/lib/esp32s3 -L/home/muthuselvan/.espressif/tools/xtensa-esp-elf/esp-15.2.0_20250929/xtensa-esp-elf/bin/../lib/gcc/xtensa-esp-elf/15.2.0 -L/home/muthuselvan/.espressif/tools/xtensa-esp-elf/esp-15.2.0_20250929/xtensa-esp-elf/bin/../lib/gcc -L/home/muthuselvan/.espressif/tools/xtensa-esp-elf/esp-15.2.0_20250929/xtensa-esp-elf/bin/../lib/gcc/xtensa-esp-elf/15.2.0/../../../../xtensa-esp-elf/lib -L/home/muthuselvan/.espressif/tools/xtensa-esp-elf/esp-15.2.0_20250929/xtensa-esp-elf/bin/../xtensa-esp-elf/lib -L/home/muthuselvan/.espressif/tools/xtensa-esp-elf/esp-15.2.0_20250929/xtensa-esp-elf/bin/../xtensa-esp-elf/usr/lib @/tmp/ccoJOlN2 -lgcc -lc -lnosys -lc -lgcc]
    arg [/home/muthuselvan/.espressif/tools/xtensa-esp-elf/esp-15.2.0_20250929/xtensa-esp-elf/bin/../libexec/gcc/xtensa-esp-elf/15.2.0/collect2] ==> ignore
    arg [-plugin] ==> ignore
    arg [/home/muthuselvan/.espressif/tools/xtensa-esp-elf/esp-15.2.0_20250929/xtensa-esp-elf/bin/../libexec/gcc/xtensa-esp-elf/15.2.0/liblto_plugin.so] ==> ignore
    arg [-plugin-opt=/home/muthuselvan/.espressif/tools/xtensa-esp-elf/esp-15.2.0_20250929/xtensa-esp-elf/bin/../libexec/gcc/xtensa-esp-elf/15.2.0/lto-wrapper] ==> ignore
    arg [-plugin-opt=-fresolution=/tmp/ccQqK7ML.res] ==> ignore
    arg [-plugin-opt=-pass-through=-lgcc] ==> ignore
    arg [-plugin-opt=-pass-through=-lc] ==> ignore
    arg [-plugin-opt=-pass-through=-lnosys] ==> ignore
    arg [-plugin-opt=-pass-through=-lc] ==> ignore
    arg [-plugin-opt=-pass-through=-lgcc] ==> ignore
    arg [--sysroot=/home/muthuselvan/.espressif/tools/xtensa-esp-elf/esp-15.2.0_20250929/xtensa-esp-elf/bin/../xtensa-esp-elf] ==> ignore
    arg [--dynconfig=xtensa_esp32s3.so] ==> ignore
    arg [-o] ==> ignore
    arg [cmTC_0aa8c] ==> ignore
    arg [-L/home/muthuselvan/.espressif/tools/xtensa-esp-elf/esp-15.2.0_20250929/xtensa-esp-elf/bin/../lib/gcc/xtensa-esp-elf/15.2.0/esp32s3] ==> dir [/home/muthuselvan/.espressif/tools/xtensa-esp-elf/esp-15.2.0_20250929/xtensa-esp-elf/bin/../lib/gcc/xtensa-esp-elf/15.2.0/esp32s3]
    arg [-L/home/muthuselvan/.espressif/tools/xtensa-esp-elf/esp-15.2.0_20250929/xtensa-esp-elf/bin/../lib/gcc/xtensa-esp-elf/15.2.0/../../../../xtensa-esp-elf/lib/esp32s3] ==> dir [/home/muthuselvan/.espressif/tools/xtensa-esp-elf/esp-15.2.0_20250929/xtensa-esp-elf/bin/../lib/gcc/xtensa-esp-elf/15.2.0/../../../../xtensa-esp-elf/lib/esp32s3]
    arg [-L/home/muthuselvan/.espressif/tools/xtensa-esp-elf/esp-15.2.0_20250929/xtensa-esp-elf/bin/../xtensa-esp-elf/lib/esp32s3] ==> dir [/home/muthuselvan/.espressif/tools/xtensa-esp-elf/esp-15.2.0_20250929/xtensa-esp-elf/bin/../xtensa-esp-elf/lib/esp32s3]
    arg [-L/home/muthuselvan/.espressif/tools/xtensa-esp-elf/esp-15.2.0_20250929/xtensa-esp-elf/bin/../lib/gcc/xtensa-esp-elf/15.2.0] ==> dir [/home/muthuselvan/.espressif/tools/xtensa-esp-elf/esp-15.2.0_20250929/xtensa-esp-elf/bin/../lib/gcc/xtensa-esp-elf/15.2.0]
    arg [-L/home/muthuselvan/.espressif/tools/xtensa-esp-elf/esp-15.2.0_20250929/xtensa-esp-elf/bin/../lib/gcc] ==> dir [/home/muthuselvan/.espressif/tools/xtensa-esp-elf/esp-15.2.0_20250929/xtensa-esp-elf/bin/../lib/gcc]
    arg [-L/home/muthuselvan/.espressif/tools/xtensa-esp-elf/esp-15.2.0_20250929/xtensa-esp-elf/bin/../lib/gcc/xtensa-esp-elf/15.2.0/../../../../xtensa-esp-elf/lib] ==> dir [/home/muthuselvan/.espressif/tools/xtensa-esp-elf/esp-15.2.0_20250929/xtensa-esp-elf/bin/../lib/gcc/xtensa-esp-elf/15.2.0/../../../../xtensa-esp-elf/lib]
    arg [-L/home/muthuselvan/.espressif/tools/xtensa-esp-elf/esp-15.2.0_20250929/xtensa-esp-elf/bin/../xtensa-esp-elf/lib] ==> dir [/home/muthuselvan/.espressif/tools/xtensa-esp-elf/esp-15.2.0_20250929/xtensa-esp-elf/bin/../xtensa-esp-elf/lib]
    arg [-L/home/muthuselvan/.espressif/tools/xtensa-esp-elf/esp-15.2.0_20250929/xtensa-esp-elf/bin/../xtensa-esp-elf/usr/lib] ==> dir [/home/muthuselvan/.espressif/tools/xtensa-esp-elf/esp-15.2.0_20250929/xtensa-esp-elf/bin/../xtensa-esp-elf/usr/lib]
    arg [@/tmp/ccoJOlN2] ==> ignore
    arg [-lgcc] ==> lib [gcc]
    arg [-lc] ==> lib [c]
    arg [-lnosys] ==> lib [nosys]
    arg [-lc] ==> lib [c]
    arg [-lgcc] ==> lib [gcc]
  collapse library dir [/home/muthuselvan/.espressif/tools/xtensa-esp-elf/esp-15.2.0_20250929/xtensa-esp-elf/bin/../lib/gcc/xtensa-esp-elf/15.2.0/esp32s3] ==> [/home/muthuselvan/.espressif/tools/xtensa-esp-elf/esp-15.2.0_20250929/xtensa-esp-elf/lib/gcc/xtensa-esp-elf/15.2.0/esp32s3]
  collapse library dir [/home/muthuselvan/.espressif/tools/xtensa-esp-elf/esp-15.2.0_20250929/xtensa-esp-elf/bin/../lib/gcc/xtensa-esp-elf/15.2.0/../../../../xtensa-esp-elf/lib/esp32s3] ==> [/home/muthuselvan/.espressif/tools/xtensa-esp-elf/esp-15.2.0_20250929/xtensa-esp-elf/xtensa-esp-elf/lib/esp32s3]
  collapse library dir [/home/muthuselvan/.espressif/tools/xtensa-esp-elf/esp-15.2.0_20250929/xtensa-esp-elf/bin/../xtensa-esp-elf/lib/esp32s3] ==> [/home/muthuselvan/.espressif/tools/xtensa-esp-elf/esp-15.2.0_20250929/xtensa-esp-elf/xtensa-esp-elf/lib/esp32s3]
  collapse library dir [/home/muthuselvan/.espressif/tools/xtensa-esp-elf/esp-15.2.0_20250929/xtensa-esp-elf/bin/../lib/gcc/xtensa-esp-elf/15.2.0] ==> [/home/muthuselvan/.espressif/tools/xtensa-esp-elf/esp-15.2.0_20250929/xtensa-esp-elf/lib/gcc/xtensa-esp-elf/15.2.0]
  collapse library dir [/home/muthuselvan/.espressif/tools/xtensa-esp-elf/esp-15.2.0_20250929/xtensa-esp-elf/bin/../lib/gcc] ==> [/home/muthuselvan/.espressif/tools/xtensa-esp-elf/esp-15.2.0_20250929/xtensa-esp-elf/lib/gcc]
  collapse library dir [/home/muthuselvan/.espressif/tools/xtensa-esp-elf/esp-15.2.0_20250929/xtensa-esp-elf/bin/../lib/gcc/xtensa-esp-elf/15.2.0/../../../../xtensa-esp-elf/lib] ==> [/home/muthuselvan/.espressif/tools/xtensa-esp-elf/esp-15.2.0_20250929/xtensa-esp-elf/xtensa-esp-elf/lib]
  collapse library dir [/home/muthuselvan/.espressif/tools/xtensa-esp-elf/esp-15.2.0_20250929/xtensa-esp-elf/bin/../xtensa-esp-elf/lib] ==> [/home/muthuselvan/.espressif/tools/xtensa-esp-elf/esp-15.2.0_20250929/xtensa-esp-elf/xtensa-esp-elf/lib]
  collapse library dir [/home/muthuselvan/.espressif/tools/xtensa-esp-elf/esp-15.2.0_20250929/xtensa-esp-elf/bin/../xtensa-esp-elf/usr/lib] ==> [/home/muthuselvan/.espressif/tools/xtensa-esp-elf/esp-15.2.0_20250929/xtensa-esp-elf/xtensa-esp-elf/usr/lib]
  implicit libs: [gcc;c;nosys;c;gcc]
  implicit objs: []
  implicit dirs: [/home/muthuselvan/.espressif/tools/xtensa-esp-elf/esp-15.2.0_20250929/xtensa-esp-elf/lib/gcc/xtensa-esp-elf/15.2.0/esp32s3;/home/muthuselvan/.espressif/tools/xtensa-esp-elf/esp-15.2.0_20250929/xtensa-esp-elf/xtensa-esp-elf/lib/esp32s3;/home/muthuselvan/.espressif/tools/xtensa-esp-elf/esp-15.2.0_20250929/xtensa-esp-elf/lib/gcc/xtensa-esp-elf/15.2.0;/home/muthuselvan/.espressif/tools/xtensa-esp-elf/esp-15.2.0_20250929/xtensa-esp-elf/lib/gcc;/home/muthuselvan/.espressif/tools/xtensa-esp-elf/esp-15.2.0_20250929/xtensa-esp-elf/xtensa-esp-elf/lib;/home/muthuselvan/.espressif/tools/xtensa-esp-elf/esp-15.2.0_20250929/xtensa-esp-elf/xtensa-esp-elf/usr/lib]
  implicit fwks: []


Determining if the include file pthread.h exists passed with the following output:
Change Dir: /home/muthuselvan/esp/build/CMakeFiles/CMakeTmp

Run Build Command(s):/home/muthuselvan/.local/bin/ninja cmTC_502f1 && [1/2] Building C object CMakeFiles/cmTC_502f1.dir/CheckIncludeFile.c.obj
[2/2] Linking C executable cmTC_502f1
/home/muthuselvan/.espressif/tools/xtensa-esp-elf/esp-15.2.0_20250929/xtensa-esp-elf/bin/../lib/gcc/xtensa-esp-elf/15.2.0/../../../../xtensa-esp-elf/bin/ld: warning: cannot find entry symbol _start; defaulting to 00400054



Performing C SOURCE FILE Test CMAKE_HAVE_LIBC_PTHREAD succeeded with the following output:
Change Dir: /home/muthuselvan/esp/build/CMakeFiles/CMakeTmp

Run Build Command(s):/home/muthuselvan/.local/bin/ninja cmTC_df6bc && [1/2] Building C object CMakeFiles/cmTC_df6bc.dir/src.c.obj
[2/2] Linking C executable cmTC_df6bc
/home/muthuselvan/.espressif/tools/xtensa-esp-elf/esp-15.2.0_20250929/xtensa-esp-elf/bin/../lib/gcc/xtensa-esp-elf/15.2.0/../../../../xtensa-esp-elf/bin/ld: CMakeFiles/cmTC_df6bc.dir/src.c.obj:(.literal+0x14): warning: pthread_atfork is not implemented and will always fail
/home/muthuselvan/.espressif/tools/xtensa-esp-elf/esp-15.2.0_20250929/xtensa-esp-elf/bin/../lib/gcc/xtensa-esp-elf/15.2.0/../../../../xtensa-esp-elf/bin/ld: CMakeFiles/cmTC_df6bc.dir/src.c.obj:(.literal+0xc): warning: pthread_cancel is not implemented and will always fail
/home/muthuselvan/.espressif/tools/xtensa-esp-elf/esp-15.2.0_20250929/xtensa-esp-elf/bin/../lib/gcc/xtensa-esp-elf/15.2.0/../../../../xtensa-esp-elf/bin/ld: CMakeFiles/cmTC_df6bc.dir/src.c.obj:(.literal+0x4): warning: pthread_create is not implemented and will always fail
/home/muthuselvan/.espressif/tools/xtensa-esp-elf/esp-15.2.0_20250929/xtensa-esp-elf/bin/../lib/gcc/xtensa-esp-elf/15.2.0/../../../../xtensa-esp-elf/bin/ld: CMakeFiles/cmTC_df6bc.dir/src.c.obj:(.literal+0x8): warning: pthread_detach is not implemented and will always fail
/home/muthuselvan/.espressif/tools/xtensa-esp-elf/esp-15.2.0_20250929/xtensa-esp-elf/bin/../lib/gcc/xtensa-esp-elf/15.2.0/../../../../xtensa-esp-elf/bin/ld: CMakeFiles/cmTC_df6bc.dir/src.c.obj:(.literal+0x18): warning: pthread_exit is not implemented and will always fail
/home/muthuselvan/.espressif/tools/xtensa-esp-elf/esp-15.2.0_20250929/xtensa-esp-elf/bin/../lib/gcc/xtensa-esp-elf/15.2.0/../../../../xtensa-esp-elf/bin/ld: CMakeFiles/cmTC_df6bc.dir/src.c.obj:(.literal+0x10): warning: pthread_join is not implemented and will always fail
/home/muthuselvan/.espressif/tools/xtensa-esp-elf/esp-15.2.0_20250929/xtensa-esp-elf/bin/../lib/gcc/xtensa-esp-elf/15.2.0/../../../../xtensa-esp-elf/bin/ld: warning: cannot find entry symbol _start; defaulting to 00400054


Source file was:
#include <pthread.h>

static void* test_func(void* data)
{
  return data;
}

int main(void)
{
  pthread_t thread;
  pthread_create(&thread, NULL, test_func, NULL);
  pthread_detach(thread);
  pthread_cancel(thread);
  pthread_join(thread, NULL);
  pthread_atfork(NULL, NULL, NULL);
  pthread_exit(NULL);

  return 0;
}

Performing C SOURCE FILE Test C_COMPILER_SUPPORTS_WFORMAT_SIGNEDNESS succeeded with the following output:
Change Dir: /home/muthuselvan/esp/build/CMakeFiles/CMakeTmp

Run Build Command(s):/home/muthuselvan/.local/bin/ninja cmTC_f01f9 && [1/2] Building C object CMakeFiles/cmTC_f01f9.dir/src.c.obj
[2/2] Linking C executable cmTC_f01f9
/home/muthuselvan/.espressif/tools/xtensa-esp-elf/esp-15.2.0_20250929/xtensa-esp-elf/bin/../lib/gcc/xtensa-esp-elf/15.2.0/../../../../xtensa-esp-elf/bin/ld: warning: cannot find entry symbol _start; defaulting to 00400054


Source file was:
int main(void) { return 0; }
Detecting C compiler ABI info compiled with the following output:
Change Dir: /home/muthuselvan/esp/build/CMakeFiles/CMakeTmp

Run Build Command(s):/home/muthuselvan/.local/bin/ninja cmTC_290a8 && [1/2] Building C object CMakeFiles/cmTC_290a8.dir/CMakeCCompilerABI.c.obj
Using built-in specs.
COLLECT_GCC=/home/muthuselvan/.espressif/tools/xtensa-esp-elf/esp-15.2.0_20250929/xtensa-esp-elf/bin/xtensa-esp-elf-gcc
Target: xtensa-esp-elf
Configured with: /builds/idf/crosstool-NG/.build/xtensa-esp-elf/src/gcc/configure --build=x86_64-build_pc-linux-gnu --host=x86_64-build_pc-linux-gnu --target=xtensa-esp-elf --prefix=/builds/idf/crosstool-NG/builds/xtensa-esp-elf --exec_prefix=/builds/idf/crosstool-NG/builds/xtensa-esp-elf --with-local-prefix=/builds/idf/crosstool-NG/builds/xtensa-esp-elf/xtensa-esp-elf --with-sysroot=/builds/idf/crosstool-NG/builds/xtensa-esp-elf/xtensa-esp-elf --with-native-system-header-dir=/include --with-headers=/builds/idf/crosstool-NG/builds/xtensa-esp-elf/xtensa-esp-elf/include --with-newlib --enable-threads=no --disable-shared --with-pkgversion='crosstool-NG esp-15.2.0_20250929' --disable-__cxa_atexit --enable-cxx-flags='-ffunction-sections -fdata-sections' --disable-libgomp --disable-libmudflap --disable-libmpx --disable-libssp --disable-libquadmath --disable-libquadmath-support --disable-libstdcxx-verbose --with-gmp=/builds/idf/crosstool-NG/.build/xtensa-esp-elf/buildtools --with-mpfr=/builds/idf/crosstool-NG/.build/xtensa-esp-elf/buildtools --with-mpc=/builds/idf/crosstool-NG/.build/xtensa-esp-elf/buildtools --with-isl=/builds/idf/crosstool-NG/.build/xtensa-esp-elf/buildtools --enable-lto --enable-target-optspace --without-long-double-128 --enable-plugin --disable-nls --enable-multiarch --enable-languages=c,c++ --disable-libstdcxx-verbose --enable-threads=posix --enable-libstdcxx-time=yes --disable-win32-utf8-manifest
Thread model: posix
Supported LTO compression algorithms: zlib zstd
gcc version 15.2.0 (crosstool-NG esp-15.2.0_20250929) 
COLLECT_GCC_OPTIONS='-mdynconfig=xtensa_esp32s3.so' '-mlongcalls' '-fno-builtin-memcpy' '-fno-builtin-memset' '-fno-builtin-bzero' '-v' '-o' 'CMakeFiles/cmTC_290a8.dir/CMakeCCompilerABI.c.obj' '-c' '-dumpdir' 'CMakeFiles/cmTC_290a8.dir/'
 /home/muthuselvan/.espressif/tools/xtensa-esp-elf/esp-15.2.0_20250929/xtensa-esp-elf/bin/../libexec/gcc/xtensa-esp-elf/15.2.0/cc1 -quiet -v -imultilib esp32s3 -iprefix /home/muthuselvan/.espressif/tools/xtensa-esp-elf/esp-15.2.0_20250929/xtensa-esp-elf/bin/../lib/gcc/xtensa-esp-elf/15.2.0/ -isysroot /home/muthuselvan/.espressif/tools/xtensa-esp-elf/esp-15.2.0_20250929/xtensa-esp-elf/bin/../xtensa-esp-elf /usr/share/cmake-3.22/Modules/CMakeCCompilerABI.c -quiet -dumpdir CMakeFiles/cmTC_290a8.dir/ -dumpbase CMakeCCompilerABI.c.c -dumpbase-ext .c -mdynconfig=xtensa_esp32s3.so -mlongcalls -version -fno-builtin-memcpy -fno-builtin-memset -fno-builtin-bzero -o /tmp/cchhkhSN.s
GNU C23 (crosstool-NG esp-15.2.0_20250929) version 15.2.0 (xtensa-esp-elf)
	compiled by GNU C version 6.3.0, GMP version 6.3.0, MPFR version 4.2.1, MPC version 1.3.1, isl version isl-0.26-GMP

GGC heuristics: --param ggc-min-expand=100 --param ggc-min-heapsize=131072
ignoring duplicate directory "/home/muthuselvan/.espressif/tools/xtensa-esp-elf/esp-15.2.0_20250929/xtensa-esp-elf/bin/../lib/gcc/../../lib/gcc/xtensa-esp-elf/15.2.0/include"
ignoring nonexistent directory "/home/muthuselvan/.espressif/tools/xtensa-esp-elf/esp-15.2.0_20250929/xtensa-esp-elf/bin/../xtensa-esp-elf/builds/idf/crosstool-NG/builds/xtensa-esp-elf/xtensa-esp-elf/include"
ignoring duplicate directory "/home/muthuselvan/.espressif/tools/xtensa-esp-elf/esp-15.2.0_20250929/xtensa-esp-elf/bin/../lib/gcc/../../lib/gcc/xtensa-esp-elf/15.2.0/include-fixed"
ignoring duplicate directory "/home/muthuselvan/.espressif/tools/xtensa-esp-elf/esp-15.2.0_20250929/xtensa-esp-elf/bin/../lib/gcc/../../lib/gcc/xtensa-esp-elf/15.2.0/../../../../xtensa-esp-elf/include"
ignoring duplicate directory "/home/muthuselvan/.espressif/tools/xtensa-esp-elf/esp-15.2.0_20250929/xtensa-esp-elf/bin/../xtensa-esp-elf/include"
#include "..." search starts here:
#include <...> search starts here:
 /home/muthuselvan/.espressif/tools/xtensa-esp-elf/esp-15.2.0_20250929/xtensa-esp-elf/bin/../lib/gcc/xtensa-esp-elf/15.2.0/include
 /home/muthuselvan/.espressif/tools/xtensa-esp-elf/esp-15.2.0_20250929/xtensa-esp-elf/bin/../lib/gcc/xtensa-esp-elf/15.2.0/include-fixed
 /home/muthuselvan/.espressif/tools/xtensa-esp-elf/esp-15.2.0_20250929/xtensa-esp-elf/bin/../lib/gcc/xtensa-esp-elf/15.2.0/../../../../xtensa-esp-elf/include
End of search list.
Compiler executable checksum: 4978507c08d555b30d3cc184655822f4
COLLECT_GCC_OPTIONS='-mdynconfig=xtensa_esp32s3.so' '-mlongcalls' '-fno-builtin-memcpy' '-fno-builtin-memset' '-fno-builtin-bzero' '-v' '-o' 'CMakeFiles/cmTC_290a8.dir/CMakeCCompilerABI.c.obj' '-c' '-dumpdir' 'CMakeFiles/cmTC_290a8.dir/'
 /home/muthuselvan/.espressif/tools/xtensa-esp-elf/esp-15.2.0_20250929/xtensa-esp-elf/bin/../lib/gcc/xtensa-esp-elf/15.2.0/../../../../xtensa-esp-elf/bin/as --traditional-format --longcalls --dynconfig=xtensa_esp32s3.so -o CMakeFiles/cmTC_290a8.dir/CMakeCCompilerABI.c.obj /tmp/cchhkhSN.s
COMPILER_PATH=/home/muthuselvan/.espressif/tools/xtensa-esp-elf/esp-15.2.0_20250929/xtensa-esp-elf/bin/../libexec/gcc/xtensa-esp-elf/15.2.0/:/home/muthuselvan/.espressif/tools/xtensa-esp-elf/esp-15.2.0_20250929/xtensa-esp-elf/bin/../libexec/gcc/:/home/muthuselvan/.espressif/tools/xtensa-esp-elf/esp-15.2.0_20250929/xtensa-esp-elf/bin/../lib/gcc/xtensa-esp-elf/15.2.0/../../../../xtensa-esp-elf/bin/
LIBRARY_PATH=/home/muthuselvan/.espressif/tools/xtensa-esp-elf/esp-15.2.0_20250929/xtensa-esp-elf/bin/../lib/gcc/xtensa-esp-elf/15.2.0/esp32s3/:/home/muthuselvan/.espressif/tools/xtensa-esp-elf/esp-15.2.0_20250929/xtensa-esp-elf/bin/../lib/gcc/xtensa-esp-elf/15.2.0/../../../../xtensa-esp-elf/lib/esp32s3/:/home/muthuselvan/.espressif/tools/xtensa-esp-elf/esp-15.2.0_20250929/xtensa-esp-elf/bin/../xtensa-esp-elf/lib/esp32s3/:/home/muthuselvan/.espressif/tools/xtensa-esp-elf/esp-15.2.0_20250929/xtensa-esp-elf/bin/../lib/gcc/xtensa-esp-elf/15.2.0/:/home/muthuselvan/.espressif/tools/xtensa-esp-elf/esp-15.2.0_20250929/xtensa-esp-elf/bin/../lib/gcc/:/home/muthuselvan/.espressif/tools/xtensa-esp-elf/esp-15.2.0_20250929/xtensa-esp-elf/bin/../lib/gcc/xtensa-esp-elf/15.2.0/../../../../xtensa-esp-elf/lib/:/home/muthuselvan/.espressif/tools/xtensa-esp-elf/esp-15.2.0_20250929/xtensa-esp-elf/bin/../xtensa-esp-elf/lib/:/home/muthuselvan/.espressif/tools/xtensa-esp-elf/esp-15.2.0_20250929/xtensa-esp-elf/bin/../xtensa-esp-elf/usr/lib/
COLLECT_GCC_OPTIONS='-mdynconfig=xtensa_esp32s3.so' '-mlongcalls' '-fno-builtin-memcpy' '-fno-builtin-memset' '-fno-builtin-bzero' '-v' '-o' 'CMakeFiles/cmTC_290a8.dir/CMakeCCompilerABI.c.obj' '-c' '-dumpdir' 'CMakeFiles/cmTC_290a8.dir/CMakeCCompilerABI.c.'
[2/2] Linking C executable cmTC_290a8
Using built-in specs.
COLLECT_GCC=/home/muthuselvan/.espressif/tools/xtensa-esp-elf/esp-15.2.0_20250929/xtensa-esp-elf/bin/xtensa-esp-elf-gcc
COLLECT_LTO_WRAPPER=/home/muthuselvan/.espressif/tools/xtensa-esp-elf/esp-15.2.0_20250929/xtensa-esp-elf/bin/../libexec/gcc/xtensa-esp-elf/15.2.0/lto-wrapper
Target: xtensa-esp-elf
Configured with: /builds/idf/crosstool-NG/.build/xtensa-esp-elf/src/gcc/configure --build=x86_64-build_pc-linux-gnu --host=x86_64-build_pc-linux-gnu --target=xtensa-esp-elf --prefix=/builds/idf/crosstool-NG/builds/xtensa-esp-elf --exec_prefix=/builds/idf/crosstool-NG/builds/xtensa-esp-elf --with-local-prefix=/builds/idf/crosstool-NG/builds/xtensa-esp-elf/xtensa-esp-elf --with-sysroot=/builds/idf/crosstool-NG/builds/xtensa-esp-elf/xtensa-esp-elf --with-native-system-header-dir=/include --with-headers=/builds/idf/crosstool-NG/builds/xtensa-esp-elf/xtensa-esp-elf/include --with-newlib --enable-threads=no --disable-shared --with-pkgversion='crosstool-NG esp-15.2.0_20250929' --disable-__cxa_atexit --enable-cxx-flags='-ffunction-sections -fdata-sections' --disable-libgomp --disable-libmudflap --disable-libmpx --disable-libssp --disable-libquadmath --disable-libquadmath-support --disable-libstdcxx-verbose --with-gmp=/builds/idf/crosstool-NG/.build/xtensa-esp-elf/buildtools --with-mpfr=/builds/idf/crosstool-NG/.build/xtensa-esp-elf/buildtools --with-mpc=/builds/idf/crosstool-NG/.build/xtensa-esp-elf/buildtools --with-isl=/builds/idf/crosstool-NG/.build/xtensa-esp-elf/buildtools --enable-lto --enable-target-optspace --without-long-double-128 --enable-plugin --disable-nls --enable-multiarch --enable-languages=c,c++ --disable-libstdcxx-verbose --enable-threads=posix --enable-libstdcxx-time=yes --disable-win32-utf8-manifest
Thread model: posix
Supported LTO compression algorithms: zlib zstd
gcc version 15.2.0 (crosstool-NG esp-15.2.0_20250929) 
COMPILER_PATH=/home/muthuselvan/.espressif/tools/xtensa-esp-elf/esp-15.2.0_20250929/xtensa-esp-elf/bin/../libexec/gcc/xtensa-esp-elf/15.2.0/:/home/muthuselvan/.espressif/tools/xtensa-esp-elf/esp-15.2.0_20250929/xtensa-esp-elf/bin/../libexec/gcc/:/home/muthuselvan/.espressif/tools/xtensa-esp-elf/esp-15.2.0_20250929/xtensa-esp-elf/bin/../lib/gcc/xtensa-esp-elf/15.2.0/../../../../xtensa-esp-elf/bin/
LIBRARY_PATH=/home/muthuselvan/.espressif/tools/xtensa-esp-elf/esp-15.2.0_20250929/xtensa-esp-elf/bin/../lib/gcc/xtensa-esp-elf/15.2.0/esp32s3/:/home/muthuselvan/.espressif/tools/xtensa-esp-elf/esp-15.2.0_20250929/xtensa-esp-elf/bin/../lib/gcc/xtensa-esp-elf/15.2.0/../../../../xtensa-esp-elf/lib/esp32s3/:/home/muthuselvan/.espressif/tools/xtensa-esp-elf/esp-15.2.0_20250929/xtensa-esp-elf/bin/../xtensa-esp-elf/lib/esp32s3/:/home/muthuselvan/.espressif/tools/xtensa-esp-elf/esp-15.2.0_20250929/xtensa-esp-elf/bin/../lib/gcc/xtensa-esp-elf/15.2.0/:/home/muthuselvan/.espressif/tools/xtensa-esp-elf/esp-15.2.0_20250929/xtensa-esp-elf/bin/../lib/gcc/:/home/muthuselvan/.espressif/tools/xtensa-esp-elf/esp-15.2.0_20250929/xtensa-esp-elf/bin/../lib/gcc/xtensa-esp-elf/15.2.0/../../../../xtensa-esp-elf/lib/:/home/muthuselvan/.espressif/tools/xtensa-esp-elf/esp-15.2.0_20250929/xtensa-esp-elf/bin/../xtensa-esp-elf/lib/:/home/muthuselvan/.espressif/tools/xtensa-esp-elf/esp-15.2.0_20250929/xtensa-esp-elf/bin/../xtensa-esp-elf/usr/lib/
COLLECT_GCC_OPTIONS='-mdynconfig=xtensa_esp32s3.so' '-mlongcalls' '-fno-builtin-memcpy' '-fno-builtin-memset' '-fno-builtin-bzero' '-nostartfiles' '-v' '-o' 'cmTC_290a8' '-dumpdir' 'cmTC_290a8.'
 /home/muthuselvan/.espressif/tools/xtensa-esp-elf/esp-15.2.0_20250929/xtensa-esp-elf/bin/../libexec/gcc/xtensa-esp-elf/15.2.0/collect2 -plugin /home/muthuselvan/.espressif/tools/xtensa-esp-elf/esp-15.2.0_20250929/xtensa-esp-elf/bin/../libexec/gcc/xtensa-esp-elf/15.2.0/liblto_plugin.so -plugin-opt=/home/muthuselvan/.espressif/tools/xtensa-esp-elf/esp-15.2.0_20250929/xtensa-esp-elf/bin/../libexec/gcc/xtensa-esp-elf/15.2.0/lto-wrapper -plugin-opt=-fresolution=/tmp/ccLGGSAt.res -plugin-opt=-pass-through=-lgcc -plugin-opt=-pass-through=-lc -plugin-opt=-pass-through=-lnosys -plugin-opt=-pass-through=-lc -plugin-opt=-pass-through=-lgcc --sysroot=/home/muthuselvan/.espressif/tools/xtensa-esp-elf/esp-15.2.0_20250929/xtensa-esp-elf/bin/../xtensa-esp-elf --dynconfig=xtensa_esp32s3.so -o cmTC_290a8 -L/home/muthuselvan/.espressif/tools/xtensa-esp-elf/esp-15.2.0_20250929/xtensa-esp-elf/bin/../lib/gcc/xtensa-esp-elf/15.2.0/esp32s3 -L/home/muthuselvan/.espressif/tools/xtensa-esp-elf/esp-15.2.0_20250929/xtensa-esp-elf/bin/../lib/gcc/xtensa-esp-elf/15.2.0/../../../../xtensa-esp-elf/lib/esp32s3 -L/home/muthuselvan/.espressif/tools/xtensa-esp-elf/esp-15.2.0_20250929/xtensa-esp-elf/bin/../xtensa-esp-elf/lib/esp32s3 -L/home/muthuselvan/.espressif/tools/xtensa-esp-elf/esp-15.2.0_20250929/xtensa-esp-elf/bin/../lib/gcc/xtensa-esp-elf/15.2.0 -L/home/muthuselvan/.espressif/tools/xtensa-esp-elf/esp-15.2.0_20250929/xtensa-esp-elf/bin/../lib/gcc -L/home/muthuselvan/.espressif/tools/xtensa-esp-elf/esp-15.2.0_20250929/xtensa-esp-elf/bin/../lib/gcc/xtensa-esp-elf/15.2.0/../../../../xtensa-esp-elf/lib -L/home/muthuselvan/.espressif/tools/xtensa-esp-elf/esp-15.2.0_20250929/xtensa-esp-elf/bin/../xtensa-esp-elf/lib -L/home/muthuselvan/.espressif/tools/xtensa-esp-elf/esp-15.2.0_20250929/xtensa-esp-elf/bin/../xtensa-esp-elf/usr/lib @/tmp/cctAPKHB -lgcc -lc -lnosys -lc -lgcc
/home/muthuselvan/.espressif/tools/xtensa-esp-elf/esp-15.2.0_20250929/xtensa-esp-elf/bin/../lib/gcc/xtensa-esp-elf/15.2.0/../../../../xtensa-esp-elf/bin/ld: warning: cannot find entry symbol _start; defaulting to 00400054
COLLECT_GCC_OPTIONS='-mdynconfig=xtensa_esp32s3.so' '-mlongcalls' '-fno-builtin-memcpy' '-fno-builtin-memset' '-fno-builtin-bzero' '-nostartfiles' '-v' '-o' 'cmTC_290a8' '-dumpdir' 'cmTC_290a8.'



Parsed C implicit include dir info from above output: rv=done
  found start of include info
  found start of implicit include info
    add: [/home/muthuselvan/.espressif/tools/xtensa-esp-elf/esp-15.2.0_20250929/xtensa-esp-elf/bin/../lib/gcc/xtensa-esp-elf/15.2.0/include]
    add: [/home/muthuselvan/.espressif/tools/xtensa-esp-elf/esp-15.2.0_20250929/xtensa-esp-elf/bin/../lib/gcc/xtensa-esp-elf/15.2.0/include-fixed]
    add: [/home/muthuselvan/.espressif/tools/xtensa-esp-elf/esp-15.2.0_20250929/xtensa-esp-elf/bin/../lib/gcc/xtensa-esp-elf/15.2.0/../../../../xtensa-esp-elf/include]
  end of search list found
  collapse include dir [/home/muthuselvan/.espressif/tools/xtensa-esp-elf/esp-15.2.0_20250929/xtensa-esp-elf/bin/../lib/gcc/xtensa-esp-elf/15.2.0/include] ==> [/home/muthuselvan/.espressif/tools/xtensa-esp-elf/esp-15.2.0_20250929/xtensa-esp-elf/lib/gcc/xtensa-esp-elf/15.2.0/include]
  collapse include dir [/home/muthuselvan/.espressif/tools/xtensa-esp-elf/esp-15.2.0_20250929/xtensa-esp-elf/bin/../lib/gcc/xtensa-esp-elf/15.2.0/include-fixed] ==> [/home/muthuselvan/.espressif/tools/xtensa-esp-elf/esp-15.2.0_20250929/xtensa-esp-elf/lib/gcc/xtensa-esp-elf/15.2.0/include-fixed]
  collapse include dir [/home/muthuselvan/.espressif/tools/xtensa-esp-elf/esp-15.2.0_20250929/xtensa-esp-elf/bin/../lib/gcc/xtensa-esp-elf/15.2.0/../../../../xtensa-esp-elf/include] ==> [/home/muthuselvan/.espressif/tools/xtensa-esp-elf/esp-15.2.0_20250929/xtensa-esp-elf/xtensa-esp-elf/include]
  implicit include dirs: [/home/muthuselvan/.espressif/tools/xtensa-esp-elf/esp-15.2.0_20250929/xtensa-esp-elf/lib/gcc/xtensa-esp-elf/15.2.0/include;/home/muthuselvan/.espressif/tools/xtensa-esp-elf/esp-15.2.0_20250929/xtensa-esp-elf/lib/gcc/xtensa-esp-elf/15.2.0/include-fixed;/home/muthuselvan/.espressif/tools/xtensa-esp-elf/esp-15.2.0_20250929/xtensa-esp-elf/xtensa-esp-elf/include]


Parsed C implicit link information from above output:
  link line regex: [^( *|.*[/\])(xtensa-esp32s3-elf-ld|CMAKE_LINK_STARTFILE-NOTFOUND|([^/\]+-)?ld|collect2)[^/\]*( |$)]
  ignore line: [Change Dir: /home/muthuselvan/esp/build/CMakeFiles/CMakeTmp]
  ignore line: []
  ignore line: [Run Build Command(s):/home/muthuselvan/.local/bin/ninja cmTC_290a8 && [1/2] Building C object CMakeFiles/cmTC_290a8.dir/CMakeCCompilerABI.c.obj]
  ignore line: [Using built-in specs.]
  ignore line: [COLLECT_GCC=/home/muthuselvan/.espressif/tools/xtensa-esp-elf/esp-15.2.0_20250929/xtensa-esp-elf/bin/xtensa-esp-elf-gcc]
  ignore line: [Target: xtensa-esp-elf]
  ignore line: [Configured with: /builds/idf/crosstool-NG/.build/xtensa-esp-elf/src/gcc/configure --build=x86_64-build_pc-linux-gnu --host=x86_64-build_pc-linux-gnu --target=xtensa-esp-elf --prefix=/builds/idf/crosstool-NG/builds/xtensa-esp-elf --exec_prefix=/builds/idf/crosstool-NG/builds/xtensa-esp-elf --with-local-prefix=/builds/idf/crosstool-NG/builds/xtensa-esp-elf/xtensa-esp-elf --with-sysroot=/builds/idf/crosstool-NG/builds/xtensa-esp-elf/xtensa-esp-elf --with-native-system-header-dir=/include --with-headers=/builds/idf/crosstool-NG/builds/xtensa-esp-elf/xtensa-esp-elf/include --with-newlib --enable-threads=no --disable-shared --with-pkgversion='crosstool-NG esp-15.2.0_20250929' --disable-__cxa_atexit --enable-cxx-flags='-ffunction-sections -fdata-sections' --disable-libgomp --disable-libmudflap --disable-libmpx --disable-libssp --disable-libquadmath --disable-libquadmath-support --disable-libstdcxx-verbose --with-gmp=/builds/idf/crosstool-NG/.build/xtensa-esp-elf/buildtools --with-mpfr=/builds/idf/crosstool-NG/.build/xtensa-esp-elf/buildtools --with-mpc=/builds/idf/crosstool-NG/.build/xtensa-esp-elf/buildtools --with-isl=/builds/idf/crosstool-NG/.build/xtensa-esp-elf/buildtools --enable-lto --enable-target-optspace --without-long-double-128 --enable-plugin --disable-nls --enable-multiarch --enable-languages=c c++ --disable-libstdcxx-verbose --enable-threads=posix --enable-libstdcxx-time=yes --disable-win32-utf8-manifest]
  ignore line: [Thread model: posix]
  ignore line: [Supported LTO compression algorithms: zlib zstd]
  ignore line: [gcc version 15.2.0 (crosstool-NG esp-15.2.0_20250929) ]
  ignore line: [COLLECT_GCC_OPTIONS='-mdynconfig=xtensa_esp32s3.so' '-mlongcalls' '-fno-builtin-memcpy' '-fno-builtin-memset' '-fno-builtin-bzero' '-v' '-o' 'CMakeFiles/cmTC_290a8.dir/CMakeCCompilerABI.c.obj' '-c' '-dumpdir' 'CMakeFiles/cmTC_290a8.dir/']
  ignore line: [ /home/muthuselvan/.espressif/tools/xtensa-esp-elf/esp-15.2.0_20250929/xtensa-esp-elf/bin/../libexec/gcc/xtensa-esp-elf/15.2.0/cc1 -quiet -v -imultilib esp32s3 -iprefix /home/muthuselvan/.espressif/tools/xtensa-esp-elf/esp-15.2.0_20250929/xtensa-esp-elf/bin/../lib/gcc/xtensa-esp-elf/15.2.0/ -isysroot /home/muthuselvan/.espressif/tools/xtensa-esp-elf/esp-15.2.0_20250929/xtensa-esp-elf/bin/../xtensa-esp-elf /usr/share/cmake-3.22/Modules/CMakeCCompilerABI.c -quiet -dumpdir CMakeFiles/cmTC_290a8.dir/ -dumpbase CMakeCCompilerABI.c.c -dumpbase-ext .c -mdynconfig=xtensa_esp32s3.so -mlongcalls -version -fno-builtin-memcpy -fno-builtin-memset -fno-builtin-bzero -o /tmp/cchhkhSN.s]
  ignore line: [GNU C23 (crosstool-NG esp-15.2.0_20250929) version 15.2.0 (xtensa-esp-elf)]
  ignore line: [	compiled by GNU C version 6.3.0  GMP version 6.3.0  MPFR version 4.2.1  MPC version 1.3.1  isl version isl-0.26-GMP]
  ignore line: []
  ignore line: [GGC heuristics: --param ggc-min-expand=100 --param ggc-min-heapsize=131072]
  ignore line: [ignoring duplicate directory "/home/muthuselvan/.espressif/tools/xtensa-esp-elf/esp-15.2.0_20250929/xtensa-esp-elf/bin/../lib/gcc/../../lib/gcc/xtensa-esp-elf/15.2.0/include"]
  ignore line: [ignoring nonexistent directory "/home/muthuselvan/.espressif/tools/xtensa-esp-elf/esp-15.2.0_20250929/xtensa-esp-elf/bin/../xtensa-esp-elf/builds/idf/crosstool-NG/builds/xtensa-esp-elf/xtensa-esp-elf/include"]
  ignore line: [ignoring duplicate directory "/home/muthuselvan/.espressif/tools/xtensa-esp-elf/esp-15.2.0_20250929/xtensa-esp-elf/bin/../lib/gcc/../../lib/gcc/xtensa-esp-elf/15.2.0/include-fixed"]
  ignore line: [ignoring duplicate directory "/home/muthuselvan/.espressif/tools/xtensa-esp-elf/esp-15.2.0_20250929/xtensa-esp-elf/bin/../lib/gcc/../../lib/gcc/xtensa-esp-elf/15.2.0/../../../../xtensa-esp-elf/include"]
  ignore line: [ignoring duplicate directory "/home/muthuselvan/.espressif/tools/xtensa-esp-elf/esp-15.2.0_20250929/xtensa-esp-elf/bin/../xtensa-esp-elf/include"]
  ignore line: [#include "..." search starts here:]
  ignore line: [#include <...> search starts here:]
  ignore line: [ /home/muthuselvan/.espressif/tools/xtensa-esp-elf/esp-15.2.0_20250929/xtensa-esp-elf/bin/../lib/gcc/xtensa-esp-elf/15.2.0/include]
  ignore line: [ /home/muthuselvan/.espressif/tools/xtensa-esp-elf/esp-15.2.0_20250929/xtensa-esp-elf/bin/../lib/gcc/xtensa-esp-elf/15.2.0/include-fixed]
  ignore line: [ /home/muthuselvan/.espressif/tools/xtensa-esp-elf/esp-15.2.0_20250929/xtensa-esp-elf/bin/../lib/gcc/xtensa-esp-elf/15.2.0/../../../../xtensa-esp-elf/include]
  ignore line: [End of search list.]
  ignore line: [Compiler executable checksum: 4978507c08d555b30d3cc184655822f4]
  ignore line: [COLLECT_GCC_OPTIONS='-mdynconfig=xtensa_esp32s3.so' '-mlongcalls' '-fno-builtin-memcpy' '-fno-builtin-memset' '-fno-builtin-bzero' '-v' '-o' 'CMakeFiles/cmTC_290a8.dir/CMakeCCompilerABI.c.obj' '-c' '-dumpdir' 'CMakeFiles/cmTC_290a8.dir/']
  ignore line: [ /home/muthuselvan/.espressif/tools/xtensa-esp-elf/esp-15.2.0_20250929/xtensa-esp-elf/bin/../lib/gcc/xtensa-esp-elf/15.2.0/../../../../xtensa-esp-elf/bin/as --traditional-format --longcalls --dynconfig=xtensa_esp32s3.so -o CMakeFiles/cmTC_290a8.dir/CMakeCCompilerABI.c.obj /tmp/cchhkhSN.s]
  ignore line: [COMPILER_PATH=/home/muthuselvan/.espressif/tools/xtensa-esp-elf/esp-15.2.0_20250929/xtensa-esp-elf/bin/../libexec/gcc/xtensa-esp-elf/15.2.0/:/home/muthuselvan/.espressif/tools/xtensa-esp-elf/esp-15.2.0_20250929/xtensa-esp-elf/bin/../libexec/gcc/:/home/muthuselvan/.espressif/tools/xtensa-esp-elf/esp-15.2.0_20250929/xtensa-esp-elf/bin/../lib/gcc/xtensa-esp-elf/15.2.0/../../../../xtensa-esp-elf/bin/]
  ignore line: [LIBRARY_PATH=/home/muthuselvan/.espressif/tools/xtensa-esp-elf/esp-15.2.0_20250929/xtensa-esp-elf/bin/../lib/gcc/xtensa-esp-elf/15.2.0/esp32s3/:/home/muthuselvan/.espressif/tools/xtensa-esp-elf/esp-15.2.0_20250929/xtensa-esp-elf/bin/../lib/gcc/xtensa-esp-elf/15.2.0/../../../../xtensa-esp-elf/lib/esp32s3/:/home/muthuselvan/.espressif/tools/xtensa-esp-elf/esp-15.2.0_20250929/xtensa-esp-elf/bin/../xtensa-esp-elf/lib/esp32s3/:/home/muthuselvan/.espressif/tools/xtensa-esp-elf/esp-15.2.0_20250929/xtensa-esp-elf/bin/../lib/gcc/xtensa-esp-elf/15.2.0/:/home/muthuselvan/.espressif/tools/xtensa-esp-elf/esp-15.2.0_20250929/xtensa-esp-elf/bin/../lib/gcc/:/home/muthuselvan/.espressif/tools/xtensa-esp-elf/esp-15.2.0_20250929/xtensa-esp-elf/bin/../lib/gcc/xtensa-esp-elf/15.2.0/../../../../xtensa-esp-elf/lib/:/home/muthuselvan/.espressif/tools/xtensa-esp-elf/esp-15.2.0_20250929/xtensa-esp-elf/bin/../xtensa-esp-elf/lib/:/home/muthuselvan/.espressif/tools/xtensa-esp-elf/esp-15.2.0_20250929/xtensa-esp-elf/bin/../xtensa-esp-elf/usr/lib/]
  ignore line: [COLLECT_GCC_OPTIONS='-mdynconfig=xtensa_esp32s3.so' '-mlongcalls' '-fno-builtin-memcpy' '-fno-builtin-memset' '-fno-builtin-bzero' '-v' '-o' 'CMakeFiles/cmTC_290a8.dir/CMakeCCompilerABI.c.obj' '-c' '-dumpdir' 'CMakeFiles/cmTC_290a8.dir/CMakeCCompilerABI.c.']
  ignore line: [[2/2] Linking C executable cmTC_290a8]
  ignore line: [Using built-in specs.]
  ignore line: [COLLECT_GCC=/home/muthuselvan/.espressif/tools/xtensa-esp-elf/esp-15.2.0_20250929/xtensa-esp-elf/bin/xtensa-esp-elf-gcc]
  ignore line: [COLLECT_LTO_WRAPPER=/home/muthuselvan/.espressif/tools/xtensa-esp-elf/esp-15.2.0_20250929/xtensa-esp-elf/bin/../libexec/gcc/xtensa-esp-elf/15.2.0/lto-wrapper]
  ignore line: [Target: xtensa-esp-elf]
  ignore line: [Configured with: /builds/idf/crosstool-NG/.build/xtensa-esp-elf/src/gcc/configure --build=x86_64-build_pc-linux-gnu --host=x86_64-build_pc-linux-gnu --target=xtensa-esp-elf --prefix=/builds/idf/crosstool-NG/builds/xtensa-esp-elf --exec_prefix=/builds/idf/crosstool-NG/builds/xtensa-esp-elf --with-local-prefix=/builds/idf/crosstool-NG/builds/xtensa-esp-elf/xtensa-esp-elf --with-sysroot=/builds/idf/crosstool-NG/builds/xtensa-esp-elf/xtensa-esp-elf --with-native-system-header-dir=/include --with-headers=/builds/idf/crosstool-NG/builds/xtensa-esp-elf/xtensa-esp-elf/include --with-newlib --enable-threads=no --disable-shared --with-pkgversion='crosstool-NG esp-15.2.0_20250929' --disable-__cxa_atexit --enable-cxx-flags='-ffunction-sections -fdata-sections' --disable-libgomp --disable-libmudflap --disable-libmpx --disable-libssp --disable-libquadmath --disable-libquadmath-support --disable-libstdcxx-verbose --with-gmp=/builds/idf/crosstool-NG/.build/xtensa-esp-elf/buildtools --with-mpfr=/builds/idf/crosstool-NG/.build/xtensa-esp-elf/buildtools --with-mpc=/builds/idf/crosstool-NG/.build/xtensa-esp-elf/buildtools --with-isl=/builds/idf/crosstool-NG/.build/xtensa-esp-elf/buildtools --enable-lto --enable-target-optspace --without-long-double-128 --enable-plugin --disable-nls --enable-multiarch --enable-languages=c c++ --disable-libstdcxx-verbose --enable-threads=posix --enable-libstdcxx-time=yes --disable-win32-utf8-manifest]
  ignore line: [Thread model: posix]
  ignore line: [Supported LTO compression algorithms: zlib zstd]
  ignore line: [gcc version 15.2.0 (crosstool-NG esp-15.2.0_20250929) ]
  ignore line: [COMPILER_PATH=/home/muthuselvan/.espressif/tools/xtensa-esp-elf/esp-15.2.0_20250929/xtensa-esp-elf/bin/../libexec/gcc/xtensa-esp-elf/15.2.0/:/home/muthuselvan/.espressif/tools/xtensa-esp-elf/esp-15.2.0_20250929/xtensa-esp-elf/bin/../libexec/gcc/:/home/muthuselvan/.espressif/tools/xtensa-esp-elf/esp-15.2.0_20250929/xtensa-esp-elf/bin/../lib/gcc/xtensa-esp-elf/15.2.0/../../../../xtensa-esp-elf/bin/]
  ignore line: [LIBRARY_PATH=/home/muthuselvan/.espressif/tools/xtensa-esp-elf/esp-15.2.0_20250929/xtensa-esp-elf/bin/../lib/gcc/xtensa-esp-elf/15.2.0/esp32s3/:/home/muthuselvan/.espressif/tools/xtensa-esp-elf/esp-15.2.0_20250929/xtensa-esp-elf/bin/../lib/gcc/xtensa-esp-elf/15.2.0/../../../../xtensa-esp-elf/lib/esp32s3/:/home/muthuselvan/.espressif/tools/xtensa-esp-elf/esp-15.2.0_20250929/xtensa-esp-elf/bin/../xtensa-esp-elf/lib/esp32s3/:/home/muthuselvan/.espressif/tools/xtensa-esp-elf/esp-15.2.0_20250929/xtensa-esp-elf/bin/../lib/gcc/xtensa-esp-elf/15.2.0/:/home/muthuselvan/.espressif/tools/xtensa-esp-elf/esp-15.2.0_20250929/xtensa-esp-elf/bin/../lib/gcc/:/home/muthuselvan/.espressif/tools/xtensa-esp-elf/esp-15.2.0_20250929/xtensa-esp-elf/bin/../lib/gcc/xtensa-esp-elf/15.2.0/../../../../xtensa-esp-elf/lib/:/home/muthuselvan/.espressif/tools/xtensa-esp-elf/esp-15.2.0_20250929/xtensa-esp-elf/bin/../xtensa-esp-elf/lib/:/home/muthuselvan/.espressif/tools/xtensa-esp-elf/esp-15.2.0_20250929/xtensa-esp-elf/bin/../xtensa-esp-elf/usr/lib/]
  ignore line: [COLLECT_GCC_OPTIONS='-mdynconfig=xtensa_esp32s3.so' '-mlongcalls' '-fno-builtin-memcpy' '-fno-builtin-memset' '-fno-builtin-bzero' '-nostartfiles' '-v' '-o' 'cmTC_290a8' '-dumpdir' 'cmTC_290a8.']
  link line: [ /home/muthuselvan/.espressif/tools/xtensa-esp-elf/esp-15.2.0_20250929/xtensa-esp-elf/bin/../libexec/gcc/xtensa-esp-elf/15.2.0/collect2 -plugin /home/muthuselvan/.espressif/tools/xtensa-esp-elf/esp-15.2.0_20250929/xtensa-esp-elf/bin/../libexec/gcc/xtensa-esp-elf/15.2.0/liblto_plugin.so -plugin-opt=/home/muthuselvan/.espressif/tools/xtensa-esp-elf/esp-15.2.0_20250929/xtensa-esp-elf/bin/../libexec/gcc/xtensa-esp-elf/15.2.0/lto-wrapper -plugin-opt=-fresolution=/tmp/ccLGGSAt.res -plugin-opt=-pass-through=-lgcc -plugin-opt=-pass-through=-lc -plugin-opt=-pass-through=-lnosys -plugin-opt=-pass-through=-lc -plugin-opt=-pass-through=-lgcc --sysroot=/home/muthuselvan/.espressif/tools/xtensa-esp-elf/esp-15.2.0_20250929/xtensa-esp-elf/bin/../xtensa-esp-elf --dynconfig=xtensa_esp32s3.so -o cmTC_290a8 -L/home/muthuselvan/.espressif/tools/xtensa-esp-elf/esp-15.2.0_20250929/xtensa-esp-elf/bin/../lib/gcc/xtensa-esp-elf/15.2.0/esp32s3 -L/home/muthuselvan/.espressif/tools/xtensa-esp-elf/esp-15.2.0_20250929/xtensa-esp-elf/bin/../lib/gcc/xtensa-esp-elf/15.2.0/../../../../xtensa-esp-elf/lib/esp32s3 -L/home/muthuselvan/.espressif/tools/xtensa-esp-elf/esp-15.2.0_20250929/xtensa-esp-elf/bin/../xtensa-esp-elf/lib/esp32s3 -L/home/muthuselvan/.espressif/tools/xtensa-esp-elf/esp-15.2.0_20250929/xtensa-esp-elf/bin/../lib/gcc/xtensa-esp-elf/15.2.0 -L/home/muthuselvan/.espressif/tools/xtensa-esp-elf/esp-15.2.0_20250929/xtensa-esp-elf/bin/../lib/gcc -L/home/muthuselvan/.espressif/tools/xtensa-esp-elf/esp-15.2.0_20250929/xtensa-esp-elf/bin/../lib/gcc/xtensa-esp-elf/15.2.0/../../../../xtensa-esp-elf/lib -L/home/muthuselvan/.espressif/tools/xtensa-esp-elf/esp-15.2.0_20250929/xtensa-esp-elf/bin/../xtensa-esp-elf/lib -L/home/muthuselvan/.espressif/tools/xtensa-esp-elf/esp-15.2.0_20250929/xtensa-esp-elf/bin/../xtensa-esp-elf/usr/lib @/tmp/cctAPKHB -lgcc -lc -lnosys -lc -lgcc]
    arg [/home/muthuselvan/.espressif/tools/xtensa-esp-elf/esp-15.2.0_20250929/xtensa-esp-elf/bin/../libexec/gcc/xtensa-esp-elf/15.2.0/collect2] ==> ignore
    arg [-plugin] ==> ignore
    arg [/home/muthuselvan/.espressif/tools/xtensa-esp-elf/esp-15.2.0_20250929/xtensa-esp-elf/bin/../libexec/gcc/xtensa-esp-elf/15.2.0/liblto_plugin.so] ==> ignore
    arg [-plugin-opt=/home/muthuselvan/.espressif/tools/xtensa-esp-elf/esp-15.2.0_20250929/xtensa-esp-elf/bin/../libexec/gcc/xtensa-esp-elf/15.2.0/lto-wrapper] ==> ignore
    arg [-plugin-opt=-fresolution=/tmp/ccLGGSAt.res] ==> ignore
    arg [-plugin-opt=-pass-through=-lgcc] ==> ignore
    arg [-plugin-opt=-pass-through=-lc] ==> ignore
    arg [-plugin-opt=-pass-through=-lnosys] ==> ignore
    arg [-plugin-opt=-pass-through=-lc] ==> ignore
    arg [-plugin-opt=-pass-through=-lgcc] ==> ignore
    arg [--sysroot=/home/muthuselvan/.espressif/tools/xtensa-esp-elf/esp-15.2.0_20250929/xtensa-esp-elf/bin/../xtensa-esp-elf] ==> ignore
    arg [--dynconfig=xtensa_esp32s3.so] ==> ignore
    arg [-o] ==> ignore
    arg [cmTC_290a8] ==> ignore
    arg [-L/home/muthuselvan/.espressif/tools/xtensa-esp-elf/esp-15.2.0_20250929/xtensa-esp-elf/bin/../lib/gcc/xtensa-esp-elf/15.2.0/esp32s3] ==> dir [/home/muthuselvan/.espressif/tools/xtensa-esp-elf/esp-15.2.0_20250929/xtensa-esp-elf/bin/../lib/gcc/xtensa-esp-elf/15.2.0/esp32s3]
    arg [-L/home/muthuselvan/.espressif/tools/xtensa-esp-elf/esp-15.2.0_20250929/xtensa-esp-elf/bin/../lib/gcc/xtensa-esp-elf/15.2.0/../../../../xtensa-esp-elf/lib/esp32s3] ==> dir [/home/muthuselvan/.espressif/tools/xtensa-esp-elf/esp-15.2.0_20250929/xtensa-esp-elf/bin/../lib/gcc/xtensa-esp-elf/15.2.0/../../../../xtensa-esp-elf/lib/esp32s3]
    arg [-L/home/muthuselvan/.espressif/tools/xtensa-esp-elf/esp-15.2.0_20250929/xtensa-esp-elf/bin/../xtensa-esp-elf/lib/esp32s3] ==> dir [/home/muthuselvan/.espressif/tools/xtensa-esp-elf/esp-15.2.0_20250929/xtensa-esp-elf/bin/../xtensa-esp-elf/lib/esp32s3]
    arg [-L/home/muthuselvan/.espressif/tools/xtensa-esp-elf/esp-15.2.0_20250929/xtensa-esp-elf/bin/../lib/gcc/xtensa-esp-elf/15.2.0] ==> dir [/home/muthuselvan/.espressif/tools/xtensa-esp-elf/esp-15.2.0_20250929/xtensa-esp-elf/bin/../lib/gcc/xtensa-esp-elf/15.2.0]
    arg [-L/home/muthuselvan/.espressif/tools/xtensa-esp-elf/esp-15.2.0_20250929/xtensa-esp-elf/bin/../lib/gcc] ==> dir [/home/muthuselvan/.espressif/tools/xtensa-esp-elf/esp-15.2.0_20250929/xtensa-esp-elf/bin/../lib/gcc]
    arg [-L/home/muthuselvan/.espressif/tools/xtensa-esp-elf/esp-15.2.0_20250929/xtensa-esp-elf/bin/../lib/gcc/xtensa-esp-elf/15.2.0/../../../../xtensa-esp-elf/lib] ==> dir [/home/muthuselvan/.espressif/tools/xtensa-esp-elf/esp-15.2.0_20250929/xtensa-esp-elf/bin/../lib/gcc/xtensa-esp-elf/15.2.0/../../../../xtensa-esp-elf/lib]
    arg [-L/home/muthuselvan/.espressif/tools/xtensa-esp-elf/esp-15.2.0_20250929/xtensa-esp-elf/bin/../xtensa-esp-elf/lib] ==> dir [/home/muthuselvan/.espressif/tools/xtensa-esp-elf/esp-15.2.0_20250929/xtensa-esp-elf/bin/../xtensa-esp-elf/lib]
    arg [-L/home/muthuselvan/.espressif/tools/xtensa-esp-elf/esp-15.2.0_20250929/xtensa-esp-elf/bin/../xtensa-esp-elf/usr/lib] ==> dir [/home/muthuselvan/.espressif/tools/xtensa-esp-elf/esp-15.2.0_20250929/xtensa-esp-elf/bin/../xtensa-esp-elf/usr/lib]
    arg [@/tmp/cctAPKHB] ==> ignore
    arg [-lgcc] ==> lib [gcc]
    arg [-lc] ==> lib [c]
    arg [-lnosys] ==> lib [nosys]
    arg [-lc] ==> lib [c]
    arg [-lgcc] ==> lib [gcc]
  collapse library dir [/home/muthuselvan/.espressif/tools/xtensa-esp-elf/esp-15.2.0_20250929/xtensa-esp-elf/bin/../lib/gcc/xtensa-esp-elf/15.2.0/esp32s3] ==> [/home/muthuselvan/.espressif/tools/xtensa-esp-elf/esp-15.2.0_20250929/xtensa-esp-elf/lib/gcc/xtensa-esp-elf/15.2.0/esp32s3]
  collapse library dir [/home/muthuselvan/.espressif/tools/xtensa-esp-elf/esp-15.2.0_20250929/xtensa-esp-elf/bin/../lib/gcc/xtensa-esp-elf/15.2.0/../../../../xtensa-esp-elf/lib/esp32s3] ==> [/home/muthuselvan/.espressif/tools/xtensa-esp-elf/esp-15.2.0_20250929/xtensa-esp-elf/xtensa-esp-elf/lib/esp32s3]
  collapse library dir [/home/muthuselvan/.espressif/tools/xtensa-esp-elf/esp-15.2.0_20250929/xtensa-esp-elf/bin/../xtensa-esp-elf/lib/esp32s3] ==> [/home/muthuselvan/.espressif/tools/xtensa-esp-elf/esp-15.2.0_20250929/xtensa-esp-elf/xtensa-esp-elf/lib/esp32s3]
  collapse library dir [/home/muthuselvan/.espressif/tools/xtensa-esp-elf/esp-15.2.0_20250929/xtensa-esp-elf/bin/../lib/gcc/xtensa-esp-elf/15.2.0] ==> [/home/muthuselvan/.espressif/tools/xtensa-esp-elf/esp-15.2.0_20250929/xtensa-esp-elf/lib/gcc/xtensa-esp-elf/15.2.0]
  collapse library dir [/home/muthuselvan/.espressif/tools/xtensa-esp-elf/esp-15.2.0_20250929/xtensa-esp-elf/bin/../lib/gcc] ==> [/home/muthuselvan/.espressif/tools/xtensa-esp-elf/esp-15.2.0_20250929/xtensa-esp-elf/lib/gcc]
  collapse library dir [/home/muthuselvan/.espressif/tools/xtensa-esp-elf/esp-15.2.0_20250929/xtensa-esp-elf/bin/../lib/gcc/xtensa-esp-elf/15.2.0/../../../../xtensa-esp-elf/lib] ==> [/home/muthuselvan/.espressif/tools/xtensa-esp-elf/esp-15.2.0_20250929/xtensa-esp-elf/xtensa-esp-elf/lib]
  collapse library dir [/home/muthuselvan/.espressif/tools/xtensa-esp-elf/esp-15.2.0_20250929/xtensa-esp-elf/bin/../xtensa-esp-elf/lib] ==> [/home/muthuselvan/.espressif/tools/xtensa-esp-elf/esp-15.2.0_20250929/xtensa-esp-elf/xtensa-esp-elf/lib]
  collapse library dir [/home/muthuselvan/.espressif/tools/xtensa-esp-elf/esp-15.2.0_20250929/xtensa-esp-elf/bin/../xtensa-esp-elf/usr/lib] ==> [/home/muthuselvan/.espressif/tools/xtensa-esp-elf/esp-15.2.0_20250929/xtensa-esp-elf/xtensa-esp-elf/usr/lib]
  implicit libs: [gcc;c;nosys;c;gcc]
  implicit objs: []
  implicit dirs: [/home/muthuselvan/.espressif/tools/xtensa-esp-elf/esp-15.2.0_20250929/xtensa-esp-elf/lib/gcc/xtensa-esp-elf/15.2.0/esp32s3;/home/muthuselvan/.espressif/tools/xtensa-esp-elf/esp-15.2.0_20250929/xtensa-esp-elf/xtensa-esp-elf/lib/esp32s3;/home/muthuselvan/.espressif/tools/xtensa-esp-elf/esp-15.2.0_20250929/xtensa-esp-elf/lib/gcc/xtensa-esp-elf/15.2.0;/home/muthuselvan/.espressif/tools/xtensa-esp-elf/esp-15.2.0_20250929/xtensa-esp-elf/lib/gcc;/home/muthuselvan/.espressif/tools/xtensa-esp-elf/esp-15.2.0_20250929/xtensa-esp-elf/xtensa-esp-elf/lib;/home/muthuselvan/.espressif/tools/xtensa-esp-elf/esp-15.2.0_20250929/xtensa-esp-elf/xtensa-esp-elf/usr/lib]
  implicit fwks: []


Detecting CXX compiler ABI info compiled with the following output:
Change Dir: /home/muthuselvan/esp/build/CMakeFiles/CMakeTmp

Run Build Command(s):/home/muthuselvan/.local/bin/ninja cmTC_9b51d && [1/2] Building CXX object CMakeFiles/cmTC_9b51d.dir/CMakeCXXCompilerABI.cpp.obj
Using built-in specs.
COLLECT_GCC=/home/muthuselvan/.espressif/tools/xtensa-esp-elf/esp-15.2.0_20250929/xtensa-esp-elf/bin/xtensa-esp-elf-g++
Target: xtensa-esp-elf
Configured with: /builds/idf/crosstool-NG/.build/xtensa-esp-elf/src/gcc/configure --build=x86_64-build_pc-linux-gnu --host=x86_64-build_pc-linux-gnu --target=xtensa-esp-elf --prefix=/builds/idf/crosstool-NG/builds/xtensa-esp-elf --exec_prefix=/builds/idf/crosstool-NG/builds/xtensa-esp-elf --with-local-prefix=/builds/idf/crosstool-NG/builds/xtensa-esp-elf/xtensa-esp-elf --with-sysroot=/builds/idf/crosstool-NG/builds/xtensa-esp-elf/xtensa-esp-elf --with-native-system-header-dir=/include --with-headers=/builds/idf/crosstool-NG/builds/xtensa-esp-elf/xtensa-esp-elf/include --with-newlib --enable-threads=no --disable-shared --with-pkgversion='crosstool-NG esp-15.2.0_20250929' --disable-__cxa_atexit --enable-cxx-flags='-ffunction-sections -fdata-sections' --disable-libgomp --disable-libmudflap --disable-libmpx --disable-libssp --disable-libquadmath --disable-libquadmath-support --disable-libstdcxx-verbose --with-gmp=/builds/idf/crosstool-NG/.build/xtensa-esp-elf/buildtools --with-mpfr=/builds/idf/crosstool-NG/.build/xtensa-esp-elf/buildtools --with-mpc=/builds/idf/crosstool-NG/.build/xtensa-esp-elf/buildtools --with-isl=/builds/idf/crosstool-NG/.build/xtensa-esp-elf/buildtools --enable-lto --enable-target-optspace --without-long-double-128 --enable-plugin --disable-nls --enable-multiarch --enable-languages=c,c++ --disable-libstdcxx-verbose --enable-threads=posix --enable-libstdcxx-time=yes --disable-win32-utf8-manifest
Thread model: posix
Supported LTO compression algorithms: zlib zstd
gcc version 15.2.0 (crosstool-NG esp-15.2.0_20250929) 
COLLECT_GCC_OPTIONS='-mdynconfig=xtensa_esp32s3.so' '-mlongcalls' '-fno-builtin-memcpy' '-fno-builtin-memset' '-fno-builtin-bzero' '-v' '-o' 'CMakeFiles/cmTC_9b51d.dir/CMakeCXXCompilerABI.cpp.obj' '-c' '-dumpdir' 'CMakeFiles/cmTC_9b51d.dir/'
 /home/muthuselvan/.espressif/tools/xtensa-esp-elf/esp-15.2.0_20250929/xtensa-esp-elf/bin/../libexec/gcc/xtensa-esp-elf/15.2.0/cc1plus -quiet -v -imultilib esp32s3 -iprefix /home/muthuselvan/.espressif/tools/xtensa-esp-elf/esp-15.2.0_20250929/xtensa-esp-elf/bin/../lib/gcc/xtensa-esp-elf/15.2.0/ -isysroot /home/muthuselvan/.espressif/tools/xtensa-esp-elf/esp-15.2.0_20250929/xtensa-esp-elf/bin/../xtensa-esp-elf /usr/share/cmake-3.22/Modules/CMakeCXXCompilerABI.cpp -quiet -dumpdir CMakeFiles/cmTC_9b51d.dir/ -dumpbase CMakeCXXCompilerABI.cpp.cpp -dumpbase-ext .cpp -mdynconfig=xtensa_esp32s3.so -mlongcalls -version -fno-builtin-memcpy -fno-builtin-memset -fno-builtin-bzero -o /tmp/ccuFrHcV.s
GNU C++17 (crosstool-NG esp-15.2.0_20250929) version 15.2.0 (xtensa-esp-elf)
	compiled by GNU C version 6.3.0, GMP version 6.3.0, MPFR version 4.2.1, MPC version 1.3.1, isl version isl-0.26-GMP

GGC heuristics: --param ggc-min-expand=100 --param ggc-min-heapsize=131072
ignoring duplicate directory "/home/muthuselvan/.espressif/tools/xtensa-esp-elf/esp-15.2.0_20250929/xtensa-esp-elf/bin/../lib/gcc/../../lib/gcc/xtensa-esp-elf/15.2.0/../../../../xtensa-esp-elf/include/c++/15.2.0"
ignoring duplicate directory "/home/muthuselvan/.espressif/tools/xtensa-esp-elf/esp-15.2.0_20250929/xtensa-esp-elf/bin/../lib/gcc/../../lib/gcc/xtensa-esp-elf/15.2.0/../../../../xtensa-esp-elf/include/c++/15.2.0/xtensa-esp-elf/esp32s3"
ignoring duplicate directory "/home/muthuselvan/.espressif/tools/xtensa-esp-elf/esp-15.2.0_20250929/xtensa-esp-elf/bin/../lib/gcc/../../lib/gcc/xtensa-esp-elf/15.2.0/../../../../xtensa-esp-elf/include/c++/15.2.0/backward"
ignoring duplicate directory "/home/muthuselvan/.espressif/tools/xtensa-esp-elf/esp-15.2.0_20250929/xtensa-esp-elf/bin/../lib/gcc/../../lib/gcc/xtensa-esp-elf/15.2.0/include"
ignoring nonexistent directory "/home/muthuselvan/.espressif/tools/xtensa-esp-elf/esp-15.2.0_20250929/xtensa-esp-elf/bin/../xtensa-esp-elf/builds/idf/crosstool-NG/builds/xtensa-esp-elf/xtensa-esp-elf/include"
ignoring duplicate directory "/home/muthuselvan/.espressif/tools/xtensa-esp-elf/esp-15.2.0_20250929/xtensa-esp-elf/bin/../lib/gcc/../../lib/gcc/xtensa-esp-elf/15.2.0/include-fixed"
ignoring duplicate directory "/home/muthuselvan/.espressif/tools/xtensa-esp-elf/esp-15.2.0_20250929/xtensa-esp-elf/bin/../lib/gcc/../../lib/gcc/xtensa-esp-elf/15.2.0/../../../../xtensa-esp-elf/include"
ignoring duplicate directory "/home/muthuselvan/.espressif/tools/xtensa-esp-elf/esp-15.2.0_20250929/xtensa-esp-elf/bin/../xtensa-esp-elf/include"
#include "..." search starts here:
#include <...> search starts here:
 /home/muthuselvan/.espressif/tools/xtensa-esp-elf/esp-15.2.0_20250929/xtensa-esp-elf/bin/../lib/gcc/xtensa-esp-elf/15.2.0/../../../../xtensa-esp-elf/include/c++/15.2.0
 /home/muthuselvan/.espressif/tools/xtensa-esp-elf/esp-15.2.0_20250929/xtensa-esp-elf/bin/../lib/gcc/xtensa-esp-elf/15.2.0/../../../../xtensa-esp-elf/include/c++/15.2.0/xtensa-esp-elf/esp32s3
 /home/muthuselvan/.espressif/tools/xtensa-esp-elf/esp-15.2.0_20250929/xtensa-esp-elf/bin/../lib/gcc/xtensa-esp-elf/15.2.0/../../../../xtensa-esp-elf/include/c++/15.2.0/backward
 /home/muthuselvan/.espressif/tools/xtensa-esp-elf/esp-15.2.0_20250929/xtensa-esp-elf/bin/../lib/gcc/xtensa-esp-elf/15.2.0/include
 /home/muthuselvan/.espressif/tools/xtensa-esp-elf/esp-15.2.0_20250929/xtensa-esp-elf/bin/../lib/gcc/xtensa-esp-elf/15.2.0/include-fixed
 /home/muthuselvan/.espressif/tools/xtensa-esp-elf/esp-15.2.0_20250929/xtensa-esp-elf/bin/../lib/gcc/xtensa-esp-elf/15.2.0/../../../../xtensa-esp-elf/include
End of search list.
Compiler executable checksum: 9c69ddd490455fb66ab99244320ba10f
COLLECT_GCC_OPTIONS='-mdynconfig=xtensa_esp32s3.so' '-mlongcalls' '-fno-builtin-memcpy' '-fno-builtin-memset' '-fno-builtin-bzero' '-v' '-o' 'CMakeFiles/cmTC_9b51d.dir/CMakeCXXCompilerABI.cpp.obj' '-c' '-dumpdir' 'CMakeFiles/cmTC_9b51d.dir/'
 /home/muthuselvan/.espressif/tools/xtensa-esp-elf/esp-15.2.0_20250929/xtensa-esp-elf/bin/../lib/gcc/xtensa-esp-elf/15.2.0/../../../../xtensa-esp-elf/bin/as --traditional-format --longcalls --dynconfig=xtensa_esp32s3.so -o CMakeFiles/cmTC_9b51d.dir/CMakeCXXCompilerABI.cpp.obj /tmp/ccuFrHcV.s
COMPILER_PATH=/home/muthuselvan/.espressif/tools/xtensa-esp-elf/esp-15.2.0_20250929/xtensa-esp-elf/bin/../libexec/gcc/xtensa-esp-elf/15.2.0/:/home/muthuselvan/.espressif/tools/xtensa-esp-elf/esp-15.2.0_20250929/xtensa-esp-elf/bin/../libexec/gcc/:/home/muthuselvan/.espressif/tools/xtensa-esp-elf/esp-15.2.0_20250929/xtensa-esp-elf/bin/../lib/gcc/xtensa-esp-elf/15.2.0/../../../../xtensa-esp-elf/bin/
LIBRARY_PATH=/home/muthuselvan/.espressif/tools/xtensa-esp-elf/esp-15.2.0_20250929/xtensa-esp-elf/bin/../lib/gcc/xtensa-esp-elf/15.2.0/esp32s3/:/home/muthuselvan/.espressif/tools/xtensa-esp-elf/esp-15.2.0_20250929/xtensa-esp-elf/bin/../lib/gcc/xtensa-esp-elf/15.2.0/../../../../xtensa-esp-elf/lib/esp32s3/:/home/muthuselvan/.espressif/tools/xtensa-esp-elf/esp-15.2.0_20250929/xtensa-esp-elf/bin/../xtensa-esp-elf/lib/esp32s3/:/home/muthuselvan/.espressif/tools/xtensa-esp-elf/esp-15.2.0_20250929/xtensa-esp-elf/bin/../lib/gcc/xtensa-esp-elf/15.2.0/:/home/muthuselvan/.espressif/tools/xtensa-esp-elf/esp-15.2.0_20250929/xtensa-esp-elf/bin/../lib/gcc/:/home/muthuselvan/.espressif/tools/xtensa-esp-elf/esp-15.2.0_20250929/xtensa-esp-elf/bin/../lib/gcc/xtensa-esp-elf/15.2.0/../../../../xtensa-esp-elf/lib/:/home/muthuselvan/.espressif/tools/xtensa-esp-elf/esp-15.2.0_20250929/xtensa-esp-elf/bin/../xtensa-esp-elf/lib/:/home/muthuselvan/.espressif/tools/xtensa-esp-elf/esp-15.2.0_20250929/xtensa-esp-elf/bin/../xtensa-esp-elf/usr/lib/
COLLECT_GCC_OPTIONS='-mdynconfig=xtensa_esp32s3.so' '-mlongcalls' '-fno-builtin-memcpy' '-fno-builtin-memset' '-fno-builtin-bzero' '-v' '-o' 'CMakeFiles/cmTC_9b51d.dir/CMakeCXXCompilerABI.cpp.obj' '-c' '-dumpdir' 'CMakeFiles/cmTC_9b51d.dir/CMakeCXXCompilerABI.cpp.'
[2/2] Linking CXX executable cmTC_9b51d
Using built-in specs.
COLLECT_GCC=/home/muthuselvan/.espressif/tools/xtensa-esp-elf/esp-15.2.0_20250929/xtensa-esp-elf/bin/xtensa-esp-elf-g++
COLLECT_LTO_WRAPPER=/home/muthuselvan/.espressif/tools/xtensa-esp-elf/esp-15.2.0_20250929/xtensa-esp-elf/bin/../libexec/gcc/xtensa-esp-elf/15.2.0/lto-wrapper
Target: xtensa-esp-elf
Configured with: /builds/idf/crosstool-NG/.build/xtensa-esp-elf/src/gcc/configure --build=x86_64-build_pc-linux-gnu --host=x86_64-build_pc-linux-gnu --target=xtensa-esp-elf --prefix=/builds/idf/crosstool-NG/builds/xtensa-esp-elf --exec_prefix=/builds/idf/crosstool-NG/builds/xtensa-esp-elf --with-local-prefix=/builds/idf/crosstool-NG/builds/xtensa-esp-elf/xtensa-esp-elf --with-sysroot=/builds/idf/crosstool-NG/builds/xtensa-esp-elf/xtensa-esp-elf --with-native-system-header-dir=/include --with-headers=/builds/idf/crosstool-NG/builds/xtensa-esp-elf/xtensa-esp-elf/include --with-newlib --enable-threads=no --disable-shared --with-pkgversion='crosstool-NG esp-15.2.0_20250929' --disable-__cxa_atexit --enable-cxx-flags='-ffunction-sections -fdata-sections' --disable-libgomp --disable-libmudflap --disable-libmpx --disable-libssp --disable-libquadmath --disable-libquadmath-support --disable-libstdcxx-verbose --with-gmp=/builds/idf/crosstool-NG/.build/xtensa-esp-elf/buildtools --with-mpfr=/builds/idf/crosstool-NG/.build/xtensa-esp-elf/buildtools --with-mpc=/builds/idf/crosstool-NG/.build/xtensa-esp-elf/buildtools --with-isl=/builds/idf/crosstool-NG/.build/xtensa-esp-elf/buildtools --enable-lto --enable-target-optspace --without-long-double-128 --enable-plugin --disable-nls --enable-multiarch --enable-languages=c,c++ --disable-libstdcxx-verbose --enable-threads=posix --enable-libstdcxx-time=yes --disable-win32-utf8-manifest
Thread model: posix
Supported LTO compression algorithms: zlib zstd
gcc version 15.2.0 (crosstool-NG esp-15.2.0_20250929) 
COMPILER_PATH=/home/muthuselvan/.espressif/tools/xtensa-esp-elf/esp-15.2.0_20250929/xtensa-esp-elf/bin/../libexec/gcc/xtensa-esp-elf/15.2.0/:/home/muthuselvan/.espressif/tools/xtensa-esp-elf/esp-15.2.0_20250929/xtensa-esp-elf/bin/../libexec/gcc/:/home/muthuselvan/.espressif/tools/xtensa-esp-elf/esp-15.2.0_20250929/xtensa-esp-elf/bin/../lib/gcc/xtensa-esp-elf/15.2.0/../../../../xtensa-esp-elf/bin/
LIBRARY_PATH=/home/muthuselvan/.espressif/tools/xtensa-esp-elf/esp-15.2.0_20250929/xtensa-esp-elf/bin/../lib/gcc/xtensa-esp-elf/15.2.0/esp32s3/:/home/muthuselvan/.espressif/tools/xtensa-esp-elf/esp-15.2.0_20250929/xtensa-esp-elf/bin/../lib/gcc/xtensa-esp-elf/15.2.0/../../../../xtensa-esp-elf/lib/esp32s3/:/home/muthuselvan/.espressif/tools/xtensa-esp-elf/esp-15.2.0_20250929/xtensa-esp-elf/bin/../xtensa-esp-elf/lib/esp32s3/:/home/muthuselvan/.espressif/tools/xtensa-esp-elf/esp-15.2.0_20250929/xtensa-esp-elf/bin/../lib/gcc/xtensa-esp-elf/15.2.0/:/home/muthuselvan/.espressif/tools/xtensa-esp-elf/esp-15.2.0_20250929/xtensa-esp-elf/bin/../lib/gcc/:/home/muthuselvan/.espressif/tools/xtensa-esp-elf/esp-15.2.0_20250929/xtensa-esp-elf/bin/../lib/gcc/xtensa-esp-elf/15.2.0/../../../../xtensa-esp-elf/lib/:/home/muthuselvan/.espressif/tools/xtensa-esp-elf/esp-15.2.0_20250929/xtensa-esp-elf/bin/../xtensa-esp-elf/lib/:/home/muthuselvan/.espressif/tools/xtensa-esp-elf/esp-15.2.0_20250929/xtensa-esp-elf/bin/../xtensa-esp-elf/usr/lib/
COLLECT_GCC_OPTIONS='-mdynconfig=xtensa_esp32s3.so' '-mlongcalls' '-fno-builtin-memcpy' '-fno-builtin-memset' '-fno-builtin-bzero' '-nostartfiles' '-v' '-o' 'cmTC_9b51d' '-dumpdir' 'cmTC_9b51d.'
 /home/muthuselvan/.espressif/tools/xtensa-esp-elf/esp-15.2.0_20250929/xtensa-esp-elf/bin/../libexec/gcc/xtensa-esp-elf/15.2.0/collect2 -plugin /home/muthuselvan/.espressif/tools/xtensa-esp-elf/esp-15.2.0_20250929/xtensa-esp-elf/bin/../libexec/gcc/xtensa-esp-elf/15.2.0/liblto_plugin.so -plugin-opt=/home/muthuselvan/.espressif/tools/xtensa-esp-elf/esp-15.2.0_20250929/xtensa-esp-elf/bin/../libexec/gcc/xtensa-esp-elf/15.2.0/lto-wrapper -plugin-opt=-fresolution=/tmp/cc8Lvcsk.res -plugin-opt=-pass-through=-lgcc -plugin-opt=-pass-through=-lc -plugin-opt=-pass-through=-lnosys -plugin-opt=-pass-through=-lc -plugin-opt=-pass-through=-lgcc --sysroot=/home/muthuselvan/.espressif/tools/xtensa-esp-elf/esp-15.2.0_20250929/xtensa-esp-elf/bin/../xtensa-esp-elf --dynconfig=xtensa_esp32s3.so -o cmTC_9b51d -L/home/muthuselvan/.espressif/tools/xtensa-esp-elf/esp-15.2.0_20250929/xtensa-esp-elf/bin/../lib/gcc/xtensa-esp-elf/15.2.0/esp32s3 -L/home/muthuselvan/.espressif/tools/xtensa-esp-elf/esp-15.2.0_20250929/xtensa-esp-elf/bin/../lib/gcc/xtensa-esp-elf/15.2.0/../../../../xtensa-esp-elf/lib/esp32s3 -L/home/muthuselvan/.espressif/tools/xtensa-esp-elf/esp-15.2.0_20250929/xtensa-esp-elf/bin/../xtensa-esp-elf/lib/esp32s3 -L/home/muthuselvan/.espressif/tools/xtensa-esp-elf/esp-15.2.0_20250929/xtensa-esp-elf/bin/../lib/gcc/xtensa-esp-elf/15.2.0 -L/home/muthuselvan/.espressif/tools/xtensa-esp-elf/esp-15.2.0_20250929/xtensa-esp-elf/bin/../lib/gcc -L/home/muthuselvan/.espressif/tools/xtensa-esp-elf/esp-15.2.0_20250929/xtensa-esp-elf/bin/../lib/gcc/xtensa-esp-elf/15.2.0/../../../../xtensa-esp-elf/lib -L/home/muthuselvan/.espressif/tools/xtensa-esp-elf/esp-15.2.0_20250929/xtensa-esp-elf/bin/../xtensa-esp-elf/lib -L/home/muthuselvan/.espressif/tools/xtensa-esp-elf/esp-15.2.0_20250929/xtensa-esp-elf/bin/../xtensa-esp-elf/usr/lib @/tmp/ccnk943Q -lgcc -lc -lnosys -lc -lgcc
/home/muthuselvan/.espressif/tools/xtensa-esp-elf/esp-15.2.0_20250929/xtensa-esp-elf/bin/../lib/gcc/xtensa-esp-elf/15.2.0/../../../../xtensa-esp-elf/bin/ld: warning: cannot find entry symbol _start; defaulting to 00400054
COLLECT_GCC_OPTIONS='-mdynconfig=xtensa_esp32s3.so' '-mlongcalls' '-fno-builtin-memcpy' '-fno-builtin-memset' '-fno-builtin-bzero' '-nostartfiles' '-v' '-o' 'cmTC_9b51d' '-dumpdir' 'cmTC_9b51d.'



Parsed CXX implicit include dir info from above output: rv=done
  found start of include info
  found start of implicit include info
    add: [/home/muthuselvan/.espressif/tools/xtensa-esp-elf/esp-15.2.0_20250929/xtensa-esp-elf/bin/../lib/gcc/xtensa-esp-elf/15.2.0/../../../../xtensa-esp-elf/include/c++/15.2.0]
    add: [/home/muthuselvan/.espressif/tools/xtensa-esp-elf/esp-15.2.0_20250929/xtensa-esp-elf/bin/../lib/gcc/xtensa-esp-elf/15.2.0/../../../../xtensa-esp-elf/include/c++/15.2.0/xtensa-esp-elf/esp32s3]
    add: [/home/muthuselvan/.espressif/tools/xtensa-esp-elf/esp-15.2.0_20250929/xtensa-esp-elf/bin/../lib/gcc/xtensa-esp-elf/15.2.0/../../../../xtensa-esp-elf/include/c++/15.2.0/backward]
    add: [/home/muthuselvan/.espressif/tools/xtensa-esp-elf/esp-15.2.0_20250929/xtensa-esp-elf/bin/../lib/gcc/xtensa-esp-elf/15.2.0/include]
    add: [/home/muthuselvan/.espressif/tools/xtensa-esp-elf/esp-15.2.0_20250929/xtensa-esp-elf/bin/../lib/gcc/xtensa-esp-elf/15.2.0/include-fixed]
    add: [/home/muthuselvan/.espressif/tools/xtensa-esp-elf/esp-15.2.0_20250929/xtensa-esp-elf/bin/../lib/gcc/xtensa-esp-elf/15.2.0/../../../../xtensa-esp-elf/include]
  end of search list found
  collapse include dir [/home/muthuselvan/.espressif/tools/xtensa-esp-elf/esp-15.2.0_20250929/xtensa-esp-elf/bin/../lib/gcc/xtensa-esp-elf/15.2.0/../../../../xtensa-esp-elf/include/c++/15.2.0] ==> [/home/muthuselvan/.espressif/tools/xtensa-esp-elf/esp-15.2.0_20250929/xtensa-esp-elf/xtensa-esp-elf/include/c++/15.2.0]
  collapse include dir [/home/muthuselvan/.espressif/tools/xtensa-esp-elf/esp-15.2.0_20250929/xtensa-esp-elf/bin/../lib/gcc/xtensa-esp-elf/15.2.0/../../../../xtensa-esp-elf/include/c++/15.2.0/xtensa-esp-elf/esp32s3] ==> [/home/muthuselvan/.espressif/tools/xtensa-esp-elf/esp-15.2.0_20250929/xtensa-esp-elf/xtensa-esp-elf/include/c++/15.2.0/xtensa-esp-elf/esp32s3]
  collapse include dir [/home/muthuselvan/.espressif/tools/xtensa-esp-elf/esp-15.2.0_20250929/xtensa-esp-elf/bin/../lib/gcc/xtensa-esp-elf/15.2.0/../../../../xtensa-esp-elf/include/c++/15.2.0/backward] ==> [/home/muthuselvan/.espressif/tools/xtensa-esp-elf/esp-15.2.0_20250929/xtensa-esp-elf/xtensa-esp-elf/include/c++/15.2.0/backward]
  collapse include dir [/home/muthuselvan/.espressif/tools/xtensa-esp-elf/esp-15.2.0_20250929/xtensa-esp-elf/bin/../lib/gcc/xtensa-esp-elf/15.2.0/include] ==> [/home/muthuselvan/.espressif/tools/xtensa-esp-elf/esp-15.2.0_20250929/xtensa-esp-elf/lib/gcc/xtensa-esp-elf/15.2.0/include]
  collapse include dir [/home/muthuselvan/.espressif/tools/xtensa-esp-elf/esp-15.2.0_20250929/xtensa-esp-elf/bin/../lib/gcc/xtensa-esp-elf/15.2.0/include-fixed] ==> [/home/muthuselvan/.espressif/tools/xtensa-esp-elf/esp-15.2.0_20250929/xtensa-esp-elf/lib/gcc/xtensa-esp-elf/15.2.0/include-fixed]
  collapse include dir [/home/muthuselvan/.espressif/tools/xtensa-esp-elf/esp-15.2.0_20250929/xtensa-esp-elf/bin/../lib/gcc/xtensa-esp-elf/15.2.0/../../../../xtensa-esp-elf/include] ==> [/home/muthuselvan/.espressif/tools/xtensa-esp-elf/esp-15.2.0_20250929/xtensa-esp-elf/xtensa-esp-elf/include]
  implicit include dirs: [/home/muthuselvan/.espressif/tools/xtensa-esp-elf/esp-15.2.0_20250929/xtensa-esp-elf/xtensa-esp-elf/include/c++/15.2.0;/home/muthuselvan/.espressif/tools/xtensa-esp-elf/esp-15.2.0_20250929/xtensa-esp-elf/xtensa-esp-elf/include/c++/15.2.0/xtensa-esp-elf/esp32s3;/home/muthuselvan/.espressif/tools/xtensa-esp-elf/esp-15.2.0_20250929/xtensa-esp-elf/xtensa-esp-elf/include/c++/15.2.0/backward;/home/muthuselvan/.espressif/tools/xtensa-esp-elf/esp-15.2.0_20250929/xtensa-esp-elf/lib/gcc/xtensa-esp-elf/15.2.0/include;/home/muthuselvan/.espressif/tools/xtensa-esp-elf/esp-15.2.0_20250929/xtensa-esp-elf/lib/gcc/xtensa-esp-elf/15.2.0/include-fixed;/home/muthuselvan/.espressif/tools/xtensa-esp-elf/esp-15.2.0_20250929/xtensa-esp-elf/xtensa-esp-elf/include]


Parsed CXX implicit link information from above output:
  link line regex: [^( *|.*[/\])(xtensa-esp32s3-elf-ld|CMAKE_LINK_STARTFILE-NOTFOUND|([^/\]+-)?ld|collect2)[^/\]*( |$)]
  ignore line: [Change Dir: /home/muthuselvan/esp/build/CMakeFiles/CMakeTmp]
  ignore line: []
  ignore line: [Run Build Command(s):/home/muthuselvan/.local/bin/ninja cmTC_9b51d && [1/2] Building CXX object CMakeFiles/cmTC_9b51d.dir/CMakeCXXCompilerABI.cpp.obj]
  ignore line: [Using built-in specs.]
  ignore line: [COLLECT_GCC=/home/muthuselvan/.espressif/tools/xtensa-esp-elf/esp-15.2.0_20250929/xtensa-esp-elf/bin/xtensa-esp-elf-g++]
  ignore line: [Target: xtensa-esp-elf]
  ignore line: [Configured with: /builds/idf/crosstool-NG/.build/xtensa-esp-elf/src/gcc/configure --build=x86_64-build_pc-linux-gnu --host=x86_64-build_pc-linux-gnu --target=xtensa-esp-elf --prefix=/builds/idf/crosstool-NG/builds/xtensa-esp-elf --exec_prefix=/builds/idf/crosstool-NG/builds/xtensa-esp-elf --with-local-prefix=/builds/idf/crosstool-NG/builds/xtensa-esp-elf/xtensa-esp-elf --with-sysroot=/builds/idf/crosstool-NG/builds/xtensa-esp-elf/xtensa-esp-elf --with-native-system-header-dir=/include --with-headers=/builds/idf/crosstool-NG/builds/xtensa-esp-elf/xtensa-esp-elf/include --with-newlib --enable-threads=no --disable-shared --with-pkgversion='crosstool-NG esp-15.2.0_20250929' --disable-__cxa_atexit --enable-cxx-flags='-ffunction-sections -fdata-sections' --disable-libgomp --disable-libmudflap --disable-libmpx --disable-libssp --disable-libquadmath --disable-libquadmath-support --disable-libstdcxx-verbose --with-gmp=/builds/idf/crosstool-NG/.build/xtensa-esp-elf/buildtools --with-mpfr=/builds/idf/crosstool-NG/.build/xtensa-esp-elf/buildtools --with-mpc=/builds/idf/crosstool-NG/.build/xtensa-esp-elf/buildtools --with-isl=/builds/idf/crosstool-NG/.build/xtensa-esp-elf/buildtools --enable-lto --enable-target-optspace --without-long-double-128 --enable-plugin --disable-nls --enable-multiarch --enable-languages=c c++ --disable-libstdcxx-verbose --enable-threads=posix --enable-libstdcxx-time=yes --disable-win32-utf8-manifest]
  ignore line: [Thread model: posix]
  ignore line: [Supported LTO compression algorithms: zlib zstd]
  ignore line: [gcc version 15.2.0 (crosstool-NG esp-15.2.0_20250929) ]
  ignore line: [COLLECT_GCC_OPTIONS='-mdynconfig=xtensa_esp32s3.so' '-mlongcalls' '-fno-builtin-memcpy' '-fno-builtin-memset' '-fno-builtin-bzero' '-v' '-o' 'CMakeFiles/cmTC_9b51d.dir/CMakeCXXCompilerABI.cpp.obj' '-c' '-dumpdir' 'CMakeFiles/cmTC_9b51d.dir/']
  ignore line: [ /home/muthuselvan/.espressif/tools/xtensa-esp-elf/esp-15.2.0_20250929/xtensa-esp-elf/bin/../libexec/gcc/xtensa-esp-elf/15.2.0/cc1plus -quiet -v -imultilib esp32s3 -iprefix /home/muthuselvan/.espressif/tools/xtensa-esp-elf/esp-15.2.0_20250929/xtensa-esp-elf/bin/../lib/gcc/xtensa-esp-elf/15.2.0/ -isysroot /home/muthuselvan/.espressif/tools/xtensa-esp-elf/esp-15.2.0_20250929/xtensa-esp-elf/bin/../xtensa-esp-elf /usr/share/cmake-3.22/Modules/CMakeCXXCompilerABI.cpp -quiet -dumpdir CMakeFiles/cmTC_9b51d.dir/ -dumpbase CMakeCXXCompilerABI.cpp.cpp -dumpbase-ext .cpp -mdynconfig=xtensa_esp32s3.so -mlongcalls -version -fno-builtin-memcpy -fno-builtin-memset -fno-builtin-bzero -o /tmp/ccuFrHcV.s]
  ignore line: [GNU C++17 (crosstool-NG esp-15.2.0_20250929) version 15.2.0 (xtensa-esp-elf)]
  ignore line: [	compiled by GNU C version 6.3.0  GMP version 6.3.0  MPFR version 4.2.1  MPC version 1.3.1  isl version isl-0.26-GMP]
  ignore line: []
  ignore line: [GGC heuristics: --param ggc-min-expand=100 --param ggc-min-heapsize=131072]
  ignore line: [ignoring duplicate directory "/home/muthuselvan/.espressif/tools/xtensa-esp-elf/esp-15.2.0_20250929/xtensa-esp-elf/bin/../lib/gcc/../../lib/gcc/xtensa-esp-elf/15.2.0/../../../../xtensa-esp-elf/include/c++/15.2.0"]
  ignore line: [ignoring duplicate directory "/home/muthuselvan/.espressif/tools/xtensa-esp-elf/esp-15.2.0_20250929/xtensa-esp-elf/bin/../lib/gcc/../../lib/gcc/xtensa-esp-elf/15.2.0/../../../../xtensa-esp-elf/include/c++/15.2.0/xtensa-esp-elf/esp32s3"]
  ignore line: [ignoring duplicate directory "/home/muthuselvan/.espressif/tools/xtensa-esp-elf/esp-15.2.0_20250929/xtensa-esp-elf/bin/../lib/gcc/../../lib/gcc/xtensa-esp-elf/15.2.0/../../../../xtensa-esp-elf/include/c++/15.2.0/backward"]
  ignore line: [ignoring duplicate directory "/home/muthuselvan/.espressif/tools/xtensa-esp-elf/esp-15.2.0_20250929/xtensa-esp-elf/bin/../lib/gcc/../../lib/gcc/xtensa-esp-elf/15.2.0/include"]
  ignore line: [ignoring nonexistent directory "/home/muthuselvan/.espressif/tools/xtensa-esp-elf/esp-15.2.0_20250929/xtensa-esp-elf/bin/../xtensa-esp-elf/builds/idf/crosstool-NG/builds/xtensa-esp-elf/xtensa-esp-elf/include"]
  ignore line: [ignoring duplicate directory "/home/muthuselvan/.espressif/tools/xtensa-esp-elf/esp-15.2.0_20250929/xtensa-esp-elf/bin/../lib/gcc/../../lib/gcc/xtensa-esp-elf/15.2.0/include-fixed"]
  ignore line: [ignoring duplicate directory "/home/muthuselvan/.espressif/tools/xtensa-esp-elf/esp-15.2.0_20250929/xtensa-esp-elf/bin/../lib/gcc/../../lib/gcc/xtensa-esp-elf/15.2.0/../../../../xtensa-esp-elf/include"]
  ignore line: [ignoring duplicate directory "/home/muthuselvan/.espressif/tools/xtensa-esp-elf/esp-15.2.0_20250929/xtensa-esp-elf/bin/../xtensa-esp-elf/include"]
  ignore line: [#include "..." search starts here:]
  ignore line: [#include <...> search starts here:]
  ignore line: [ /home/muthuselvan/.espressif/tools/xtensa-esp-elf/esp-15.2.0_20250929/xtensa-esp-elf/bin/../lib/gcc/xtensa-esp-elf/15.2.0/../../../../xtensa-esp-elf/include/c++/15.2.0]
  ignore line: [ /home/muthuselvan/.espressif/tools/xtensa-esp-elf/esp-15.2.0_20250929/xtensa-esp-elf/bin/../lib/gcc/xtensa-esp-elf/15.2.0/../../../../xtensa-esp-elf/include/c++/15.2.0/xtensa-esp-elf/esp32s3]
  ignore line: [ /home/muthuselvan/.espressif/tools/xtensa-esp-elf/esp-15.2.0_20250929/xtensa-esp-elf/bin/../lib/gcc/xtensa-esp-elf/15.2.0/../../../../xtensa-esp-elf/include/c++/15.2.0/backward]
  ignore line: [ /home/muthuselvan/.espressif/tools/xtensa-esp-elf/esp-15.2.0_20250929/xtensa-esp-elf/bin/../lib/gcc/xtensa-esp-elf/15.2.0/include]
  ignore line: [ /home/muthuselvan/.espressif/tools/xtensa-esp-elf/esp-15.2.0_20250929/xtensa-esp-elf/bin/../lib/gcc/xtensa-esp-elf/15.2.0/include-fixed]
  ignore line: [ /home/muthuselvan/.espressif/tools/xtensa-esp-elf/esp-15.2.0_20250929/xtensa-esp-elf/bin/../lib/gcc/xtensa-esp-elf/15.2.0/../../../../xtensa-esp-elf/include]
  ignore line: [End of search list.]
  ignore line: [Compiler executable checksum: 9c69ddd490455fb66ab99244320ba10f]
  ignore line: [COLLECT_GCC_OPTIONS='-mdynconfig=xtensa_esp32s3.so' '-mlongcalls' '-fno-builtin-memcpy' '-fno-builtin-memset' '-fno-builtin-bzero' '-v' '-o' 'CMakeFiles/cmTC_9b51d.dir/CMakeCXXCompilerABI.cpp.obj' '-c' '-dumpdir' 'CMakeFiles/cmTC_9b51d.dir/']
  ignore line: [ /home/muthuselvan/.espressif/tools/xtensa-esp-elf/esp-15.2.0_20250929/xtensa-esp-elf/bin/../lib/gcc/xtensa-esp-elf/15.2.0/../../../../xtensa-esp-elf/bin/as --traditional-format --longcalls --dynconfig=xtensa_esp32s3.so -o CMakeFiles/cmTC_9b51d.dir/CMakeCXXCompilerABI.cpp.obj /tmp/ccuFrHcV.s]
  ignore line: [COMPILER_PATH=/home/muthuselvan/.espressif/tools/xtensa-esp-elf/esp-15.2.0_20250929/xtensa-esp-elf/bin/../libexec/gcc/xtensa-esp-elf/15.2.0/:/home/muthuselvan/.espressif/tools/xtensa-esp-elf/esp-15.2.0_20250929/xtensa-esp-elf/bin/../libexec/gcc/:/home/muthuselvan/.espressif/tools/xtensa-esp-elf/esp-15.2.0_20250929/xtensa-esp-elf/bin/../lib/gcc/xtensa-esp-elf/15.2.0/../../../../xtensa-esp-elf/bin/]
  ignore line: [LIBRARY_PATH=/home/muthuselvan/.espressif/tools/xtensa-esp-elf/esp-15.2.0_20250929/xtensa-esp-elf/bin/../lib/gcc/xtensa-esp-elf/15.2.0/esp32s3/:/home/muthuselvan/.espressif/tools/xtensa-esp-elf/esp-15.2.0_20250929/xtensa-esp-elf/bin/../lib/gcc/xtensa-esp-elf/15.2.0/../../../../xtensa-esp-elf/lib/esp32s3/:/home/muthuselvan/.espressif/tools/xtensa-esp-elf/esp-15.2.0_20250929/xtensa-esp-elf/bin/../xtensa-esp-elf/lib/esp32s3/:/home/muthuselvan/.espressif/tools/xtensa-esp-elf/esp-15.2.0_20250929/xtensa-esp-elf/bin/../lib/gcc/xtensa-esp-elf/15.2.0/:/home/muthuselvan/.espressif/tools/xtensa-esp-elf/esp-15.2.0_20250929/xtensa-esp-elf/bin/../lib/gcc/:/home/muthuselvan/.espressif/tools/xtensa-esp-elf/esp-15.2.0_20250929/xtensa-esp-elf/bin/../lib/gcc/xtensa-esp-elf/15.2.0/../../../../xtensa-esp-elf/lib/:/home/muthuselvan/.espressif/tools/xtensa-esp-elf/esp-15.2.0_20250929/xtensa-esp-elf/bin/../xtensa-esp-elf/lib/:/home/muthuselvan/.espressif/tools/xtensa-esp-elf/esp-15.2.0_20250929/xtensa-esp-elf/bin/../xtensa-esp-elf/usr/lib/]
  ignore line: [COLLECT_GCC_OPTIONS='-mdynconfig=xtensa_esp32s3.so' '-mlongcalls' '-fno-builtin-memcpy' '-fno-builtin-memset' '-fno-builtin-bzero' '-v' '-o' 'CMakeFiles/cmTC_9b51d.dir/CMakeCXXCompilerABI.cpp.obj' '-c' '-dumpdir' 'CMakeFiles/cmTC_9b51d.dir/CMakeCXXCompilerABI.cpp.']
  ignore line: [[2/2] Linking CXX executable cmTC_9b51d]
  ignore line: [Using built-in specs.]
  ignore line: [COLLECT_GCC=/home/muthuselvan/.espressif/tools/xtensa-esp-elf/esp-15.2.0_20250929/xtensa-esp-elf/bin/xtensa-esp-elf-g++]
  ignore line: [COLLECT_LTO_WRAPPER=/home/muthuselvan/.espressif/tools/xtensa-esp-elf/esp-15.2.0_20250929/xtensa-esp-elf/bin/../libexec/gcc/xtensa-esp-elf/15.2.0/lto-wrapper]
  ignore line: [Target: xtensa-esp-elf]
  ignore line: [Configured with: /builds/idf/crosstool-NG/.build/xtensa-esp-elf/src/gcc/configure --build=x86_64-build_pc-linux-gnu --host=x86_64-build_pc-linux-gnu --target=xtensa-esp-elf --prefix=/builds/idf/crosstool-NG/builds/xtensa-esp-elf --exec_prefix=/builds/idf/crosstool-NG/builds/xtensa-esp-elf --with-local-prefix=/builds/idf/crosstool-NG/builds/xtensa-esp-elf/xtensa-esp-elf --with-sysroot=/builds/idf/crosstool-NG/builds/xtensa-esp-elf/xtensa-esp-elf --with-native-system-header-dir=/include --with-headers=/builds/idf/crosstool-NG/builds/xtensa-esp-elf/xtensa-esp-elf/include --with-newlib --enable-threads=no --disable-shared --with-pkgversion='crosstool-NG esp-15.2.0_20250929' --disable-__cxa_atexit --enable-cxx-flags='-ffunction-sections -fdata-sections' --disable-libgomp --disable-libmudflap --disable-libmpx --disable-libssp --disable-libquadmath --disable-libquadmath-support --disable-libstdcxx-verbose --with-gmp=/builds/idf/crosstool-NG/.build/xtensa-esp-elf/buildtools --with-mpfr=/builds/idf/crosstool-NG/.build/xtensa-esp-elf/buildtools --with-mpc=/builds/idf/crosstool-NG/.build/xtensa-esp-elf/buildtools --with-isl=/builds/idf/crosstool-NG/.build/xtensa-esp-elf/buildtools --enable-lto --enable-target-optspace --without-long-double-128 --enable-plugin --disable-nls --enable-multiarch --enable-languages=c c++ --disable-libstdcxx-verbose --enable-threads=posix --enable-libstdcxx-time=yes --disable-win32-utf8-manifest]
  ignore line: [Thread model: posix]
  ignore line: [Supported LTO compression algorithms: zlib zstd]
  ignore line: [gcc version 15.2.0 (crosstool-NG esp-15.2.0_20250929) ]
  ignore line: [COMPILER_PATH=/home/muthuselvan/.espressif/tools/xtensa-esp-elf/esp-15.2.0_20250929/xtensa-esp-elf/bin/../libexec/gcc/xtensa-esp-elf/15.2.0/:/home/muthuselvan/.espressif/tools/xtensa-esp-elf/esp-15.2.0_20250929/xtensa-esp-elf/bin/../libexec/gcc/:/home/muthuselvan/.espressif/tools/xtensa-esp-elf/esp-15.2.0_20250929/xtensa-esp-elf/bin/../lib/gcc/xtensa-esp-elf/15.2.0/../../../../xtensa-esp-elf/bin/]
  ignore line: [LIBRARY_PATH=/home/muthuselvan/.espressif/tools/xtensa-esp-elf/esp-15.2.0_20250929/xtensa-esp-elf/bin/../lib/gcc/xtensa-esp-elf/15.2.0/esp32s3/:/home/muthuselvan/.espressif/tools/xtensa-esp-elf/esp-15.2.0_20250929/xtensa-esp-elf/bin/../lib/gcc/xtensa-esp-elf/15.2.0/../../../../xtensa-esp-elf/lib/esp32s3/:/home/muthuselvan/.espressif/tools/xtensa-esp-elf/esp-15.2.0_20250929/xtensa-esp-elf/bin/../xtensa-esp-elf/lib/esp32s3/:/home/muthuselvan/.espressif/tools/xtensa-esp-elf/esp-15.2.0_20250929/xtensa-esp-elf/bin/../lib/gcc/xtensa-esp-elf/15.2.0/:/home/muthuselvan/.espressif/tools/xtensa-esp-elf/esp-15.2.0_20250929/xtensa-esp-elf/bin/../lib/gcc/:/home/muthuselvan/.espressif/tools/xtensa-esp-elf/esp-15.2.0_20250929/xtensa-esp-elf/bin/../lib/gcc/xtensa-esp-elf/15.2.0/../../../../xtensa-esp-elf/lib/:/home/muthuselvan/.espressif/tools/xtensa-esp-elf/esp-15.2.0_20250929/xtensa-esp-elf/bin/../xtensa-esp-elf/lib/:/home/muthuselvan/.espressif/tools/xtensa-esp-elf/esp-15.2.0_20250929/xtensa-esp-elf/bin/../xtensa-esp-elf/usr/lib/]
  ignore line: [COLLECT_GCC_OPTIONS='-mdynconfig=xtensa_esp32s3.so' '-mlongcalls' '-fno-builtin-memcpy' '-fno-builtin-memset' '-fno-builtin-bzero' '-nostartfiles' '-v' '-o' 'cmTC_9b51d' '-dumpdir' 'cmTC_9b51d.']
  link line: [ /home/muthuselvan/.espressif/tools/xtensa-esp-elf/esp-15.2.0_20250929/xtensa-esp-elf/bin/../libexec/gcc/xtensa-esp-elf/15.2.0/collect2 -plugin /home/muthuselvan/.espressif/tools/xtensa-esp-elf/esp-15.2.0_20250929/xtensa-esp-elf/bin/../libexec/gcc/xtensa-esp-elf/15.2.0/liblto_plugin.so -plugin-opt=/home/muthuselvan/.espressif/tools/xtensa-esp-elf/esp-15.2.0_20250929/xtensa-esp-elf/bin/../libexec/gcc/xtensa-esp-elf/15.2.0/lto-wrapper -plugin-opt=-fresolution=/tmp/cc8Lvcsk.res -plugin-opt=-pass-through=-lgcc -plugin-opt=-pass-through=-lc -plugin-opt=-pass-through=-lnosys -plugin-opt=-pass-through=-lc -plugin-opt=-pass-through=-lgcc --sysroot=/home/muthuselvan/.espressif/tools/xtensa-esp-elf/esp-15.2.0_20250929/xtensa-esp-elf/bin/../xtensa-esp-elf --dynconfig=xtensa_esp32s3.so -o cmTC_9b51d -L/home/muthuselvan/.espressif/tools/xtensa-esp-elf/esp-15.2.0_20250929/xtensa-esp-elf/bin/../lib/gcc/xtensa-esp-elf/15.2.0/esp32s3 -L/home/muthuselvan/.espressif/tools/xtensa-esp-elf/esp-15.2.0_20250929/xtensa-esp-elf/bin/../lib/gcc/xtensa-esp-elf/15.2.0/../../../../xtensa-esp-elf/lib/esp32s3 -L/home/muthuselvan/.espressif/tools/xtensa-esp-elf/esp-15.2.0_20250929/xtensa-esp-elf/bin/../xtensa-esp-elf/lib/esp32s3 -L/home/muthuselvan/.espressif/tools/xtensa-esp-elf/esp-15.2.0_20250929/xtensa-esp-elf/bin/../lib/gcc/xtensa-esp-elf/15.2.0 -L/home/muthuselvan/.espressif/tools/xtensa-esp-elf/esp-15.2.0_20250929/xtensa-esp-elf/bin/../lib/gcc -L/home/muthuselvan/.espressif/tools/xtensa-esp-elf/esp-15.2.0_20250929/xtensa-esp-elf/bin/../lib/gcc/xtensa-esp-elf/15.2.0/../../../../xtensa-esp-elf/lib -L/home/muthuselvan/.espressif/tools/xtensa-esp-elf/esp-15.2.0_20250929/xtensa-esp-elf/bin/../xtensa-esp-elf/lib -L/home/muthuselvan/.espressif/tools/xtensa-esp-elf/esp-15.2.0_20250929/xtensa-esp-elf/bin/../xtensa-esp-elf/usr/lib @/tmp/ccnk943Q -lgcc -lc -lnosys -lc -lgcc]
    arg [/home/muthuselvan/.espressif/tools/xtensa-esp-elf/esp-15.2.0_20250929/xtensa-esp-elf/bin/../libexec/gcc/xtensa-esp-elf/15.2.0/collect2] ==> ignore
    arg [-plugin] ==> ignore
    arg [/home/muthuselvan/.espressif/tools/xtensa-esp-elf/esp-15.2.0_20250929/xtensa-esp-elf/bin/../libexec/gcc/xtensa-esp-elf/15.2.0/liblto_plugin.so] ==> ignore
    arg [-plugin-opt=/home/muthuselvan/.espressif/tools/xtensa-esp-elf/esp-15.2.0_20250929/xtensa-esp-elf/bin/../libexec/gcc/xtensa-esp-elf/15.2.0/lto-wrapper] ==> ignore
    arg [-plugin-opt=-fresolution=/tmp/cc8Lvcsk.res] ==> ignore
    arg [-plugin-opt=-pass-through=-lgcc] ==> ignore
    arg [-plugin-opt=-pass-through=-lc] ==> ignore
    arg [-plugin-opt=-pass-through=-lnosys] ==> ignore
    arg [-plugin-opt=-pass-through=-lc] ==> ignore
    arg [-plugin-opt=-pass-through=-lgcc] ==> ignore
    arg [--sysroot=/home/muthuselvan/.espressif/tools/xtensa-esp-elf/esp-15.2.0_20250929/xtensa-esp-elf/bin/../xtensa-esp-elf] ==> ignore
    arg [--dynconfig=xtensa_esp32s3.so] ==> ignore
    arg [-o] ==> ignore
    arg [cmTC_9b51d] ==> ignore
    arg [-L/home/muthuselvan/.espressif/tools/xtensa-esp-elf/esp-15.2.0_20250929/xtensa-esp-elf/bin/../lib/gcc/xtensa-esp-elf/15.2.0/esp32s3] ==> dir [/home/muthuselvan/.espressif/tools/xtensa-esp-elf/esp-15.2.0_20250929/xtensa-esp-elf/bin/../lib/gcc/xtensa-esp-elf/15.2.0/esp32s3]
    arg [-L/home/muthuselvan/.espressif/tools/xtensa-esp-elf/esp-15.2.0_20250929/xtensa-esp-elf/bin/../lib/gcc/xtensa-esp-elf/15.2.0/../../../../xtensa-esp-elf/lib/esp32s3] ==> dir [/home/muthuselvan/.espressif/tools/xtensa-esp-elf/esp-15.2.0_20250929/xtensa-esp-elf/bin/../lib/gcc/xtensa-esp-elf/15.2.0/../../../../xtensa-esp-elf/lib/esp32s3]
    arg [-L/home/muthuselvan/.espressif/tools/xtensa-esp-elf/esp-15.2.0_20250929/xtensa-esp-elf/bin/../xtensa-esp-elf/lib/esp32s3] ==> dir [/home/muthuselvan/.espressif/tools/xtensa-esp-elf/esp-15.2.0_20250929/xtensa-esp-elf/bin/../xtensa-esp-elf/lib/esp32s3]
    arg [-L/home/muthuselvan/.espressif/tools/xtensa-esp-elf/esp-15.2.0_20250929/xtensa-esp-elf/bin/../lib/gcc/xtensa-esp-elf/15.2.0] ==> dir [/home/muthuselvan/.espressif/tools/xtensa-esp-elf/esp-15.2.0_20250929/xtensa-esp-elf/bin/../lib/gcc/xtensa-esp-elf/15.2.0]
    arg [-L/home/muthuselvan/.espressif/tools/xtensa-esp-elf/esp-15.2.0_20250929/xtensa-esp-elf/bin/../lib/gcc] ==> dir [/home/muthuselvan/.espressif/tools/xtensa-esp-elf/esp-15.2.0_20250929/xtensa-esp-elf/bin/../lib/gcc]
    arg [-L/home/muthuselvan/.espressif/tools/xtensa-esp-elf/esp-15.2.0_20250929/xtensa-esp-elf/bin/../lib/gcc/xtensa-esp-elf/15.2.0/../../../../xtensa-esp-elf/lib] ==> dir [/home/muthuselvan/.espressif/tools/xtensa-esp-elf/esp-15.2.0_20250929/xtensa-esp-elf/bin/../lib/gcc/xtensa-esp-elf/15.2.0/../../../../xtensa-esp-elf/lib]
    arg [-L/home/muthuselvan/.espressif/tools/xtensa-esp-elf/esp-15.2.0_20250929/xtensa-esp-elf/bin/../xtensa-esp-elf/lib] ==> dir [/home/muthuselvan/.espressif/tools/xtensa-esp-elf/esp-15.2.0_20250929/xtensa-esp-elf/bin/../xtensa-esp-elf/lib]
    arg [-L/home/muthuselvan/.espressif/tools/xtensa-esp-elf/esp-15.2.0_20250929/xtensa-esp-elf/bin/../xtensa-esp-elf/usr/lib] ==> dir [/home/muthuselvan/.espressif/tools/xtensa-esp-elf/esp-15.2.0_20250929/xtensa-esp-elf/bin/../xtensa-esp-elf/usr/lib]
    arg [@/tmp/ccnk943Q] ==> ignore
    arg [-lgcc] ==> lib [gcc]
    arg [-lc] ==> lib [c]
    arg [-lnosys] ==> lib [nosys]
    arg [-lc] ==> lib [c]
    arg [-lgcc] ==> lib [gcc]
  collapse library dir [/home/muthuselvan/.espressif/tools/xtensa-esp-elf/esp-15.2.0_20250929/xtensa-esp-elf/bin/../lib/gcc/xtensa-esp-elf/15.2.0/esp32s3] ==> [/home/muthuselvan/.espressif/tools/xtensa-esp-elf/esp-15.2.0_20250929/xtensa-esp-elf/lib/gcc/xtensa-esp-elf/15.2.0/esp32s3]
  collapse library dir [/home/muthuselvan/.espressif/tools/xtensa-esp-elf/esp-15.2.0_20250929/xtensa-esp-elf/bin/../lib/gcc/xtensa-esp-elf/15.2.0/../../../../xtensa-esp-elf/lib/esp32s3] ==> [/home/muthuselvan/.espressif/tools/xtensa-esp-elf/esp-15.2.0_20250929/xtensa-esp-elf/xtensa-esp-elf/lib/esp32s3]
  collapse library dir [/home/muthuselvan/.espressif/tools/xtensa-esp-elf/esp-15.2.0_20250929/xtensa-esp-elf/bin/../xtensa-esp-elf/lib/esp32s3] ==> [/home/muthuselvan/.espressif/tools/xtensa-esp-elf/esp-15.2.0_20250929/xtensa-esp-elf/xtensa-esp-elf/lib/esp32s3]
  collapse library dir [/home/muthuselvan/.espressif/tools/xtensa-esp-elf/esp-15.2.0_20250929/xtensa-esp-elf/bin/../lib/gcc/xtensa-esp-elf/15.2.0] ==> [/home/muthuselvan/.espressif/tools/xtensa-esp-elf/esp-15.2.0_20250929/xtensa-esp-elf/lib/gcc/xtensa-esp-elf/15.2.0]
  collapse library dir [/home/muthuselvan/.espressif/tools/xtensa-esp-elf/esp-15.2.0_20250929/xtensa-esp-elf/bin/../lib/gcc] ==> [/home/muthuselvan/.espressif/tools/xtensa-esp-elf/esp-15.2.0_20250929/xtensa-esp-elf/lib/gcc]
  collapse library dir [/home/muthuselvan/.espressif/tools/xtensa-esp-elf/esp-15.2.0_20250929/xtensa-esp-elf/bin/../lib/gcc/xtensa-esp-elf/15.2.0/../../../../xtensa-esp-elf/lib] ==> [/home/muthuselvan/.espressif/tools/xtensa-esp-elf/esp-15.2.0_20250929/xtensa-esp-elf/xtensa-esp-elf/lib]
  collapse library dir [/home/muthuselvan/.espressif/tools/xtensa-esp-elf/esp-15.2.0_20250929/xtensa-esp-elf/bin/../xtensa-esp-elf/lib] ==> [/home/muthuselvan/.espressif/tools/xtensa-esp-elf/esp-15.2.0_20250929/xtensa-esp-elf/xtensa-esp-elf/lib]
  collapse library dir [/home/muthuselvan/.espressif/tools/xtensa-esp-elf/esp-15.2.0_20250929/xtensa-esp-elf/bin/../xtensa-esp-elf/usr/lib] ==> [/home/muthuselvan/.espressif/tools/xtensa-esp-elf/esp-15.2.0_20250929/xtensa-esp-elf/xtensa-esp-elf/usr/lib]
  implicit libs: [gcc;c;nosys;c;gcc]
  implicit objs: []
  implicit dirs: [/home/muthuselvan/.espressif/tools/xtensa-esp-elf/esp-15.2.0_20250929/xtensa-esp-elf/lib/gcc/xtensa-esp-elf/15.2.0/esp32s3;/home/muthuselvan/.espressif/tools/xtensa-esp-elf/esp-15.2.0_20250929/xtensa-esp-elf/xtensa-esp-elf/lib/esp32s3;/home/muthuselvan/.espressif/tools/xtensa-esp-elf/esp-15.2.0_20250929/xtensa-esp-elf/lib/gcc/xtensa-esp-elf/15.2.0;/home/muthuselvan/.espressif/tools/xtensa-esp-elf/esp-15.2.0_20250929/xtensa-esp-elf/lib/gcc;/home/muthuselvan/.espressif/tools/xtensa-esp-elf/esp-15.2.0_20250929/xtensa-esp-elf/xtensa-esp-elf/lib;/home/muthuselvan/.espressif/tools/xtensa-esp-elf/esp-15.2.0_20250929/xtensa-esp-elf/xtensa-esp-elf/usr/lib]
  implicit fwks: []


